,composition,actual_hardness,predicted_hardness,y_lower,y_upper,y_std,y_std_calib,load
0,Ag0.05Gd0.048Pd0.902,1.81,2.8264868,2.8200386,3.579525,0.19374654,7.764672,0.49
1,Ag0.05Y0.048Pd0.902,1.64,1.5024401,2.39612,5.0267105,0.67106897,25.85497,0.49
2,Ag0.25Pb0.5Sb0.25Te,0.578,1.1169239,1.9846534,1.0793219,1e-04,0.004007644,2.94
3,Al1.5Si1.5N2.5O1.5,15.03,15.450057,11.804135,18.298708,1.6567787,66.075386,0.98
4,Al1.67B22,23.8,26.089785,26.764126,35.269688,2.1697862,79.48656,2.0
5,Al3BC3,20.7,30.583916,26.11182,29.901087,0.9666496,37.24311,0.25
6,Al3BC3,18.2,32.043526,26.545559,30.221046,0.93762434,36.124825,0.49
7,Al3BC3,11.1,24.01865,19.66027,24.176247,1.1520346,44.385635,10.0
8,Al3C2B48,33.0,25.743973,25.808386,36.187557,2.6477478,103.44912,1.96
9,AlB12,27.0,25.8064,26.433157,34.340218,2.0171072,77.71519,1.96
10,AlMgB14,33.5,31.193836,27.72143,30.72036,0.7650331,30.51093,0.98
11,AlMgB14,28.2,28.244188,24.748129,29.198977,1.1354203,45.50361,9.8
12,AlN,18.0,11.332714,13.665967,22.196573,2.176175,86.78986,0.5
13,AlN,12.01,15.603264,16.977924,19.547064,0.6553927,26.265808,0.98
14,AlSb,4.0,5.402483,4.139178,6.331099,0.5591636,22.409286,0.98
15,Au0.5Pt0.5,1.07,0.3679315,0.20206614,3.9131289,0.9466996,36.47448,9.8
16,Au0.98Co0.02,0.49,1.4109439,0.8253004,1.6578484,0.21238469,8.511622,0.25
17,AuSn,1.42,1.7370511,1.229536,2.3794365,0.29334193,11.756102,0.49
18,AuSn2,2.55,1.7724364,1.3564626,4.5117207,0.8049128,31.011711,0.49
19,AuSn4,0.74,2.5090518,2.3812776,4.312687,0.49270645,18.049492,0.49
20,AuTiAl,3.58,5.1341863,4.368575,8.425124,1.0348339,39.87012,0.98
21,AuV3,8.83,6.3833404,5.0303497,7.757095,0.69559824,27.177448,0.49
22,B13N2,44.384,49.00704,42.403095,50.08324,1.9592206,71.772835,0.49
23,B13N2,42.019435,42.33509,40.006573,46.217323,1.5843751,63.187794,0.98
24,B13N2,41.6932,41.31086,34.87652,41.897552,1.7910801,65.61328,1.96
25,B13N2,40.97,40.25305,33.220657,39.8513,1.6914903,61.96497,3.92
26,B50Fe,39.32,40.591404,35.520992,43.208878,1.9611952,76.62509,0.49
27,B6O,54.0,51.38924,39.360374,48.38195,2.3014224,88.66929,0.25
28,B6O,53.0,51.19105,39.390415,47.133495,1.9752755,78.77762,0.49
29,B6O,45.0,48.99008,37.1202,46.756836,2.4583251,94.71445,0.98
30,BaB6,29.42,27.5153,23.518614,28.89512,1.3715578,54.96716,0.29
31,BaHfO3,5.1,4.558695,5.126758,10.675713,1.4155496,56.454723,9.8
32,BaSnO3,5.0,6.774518,3.3176556,10.446323,1.8185377,72.52663,9.8
33,BC2N,71.0,53.08676,28.131489,39.90445,3.0033062,117.341,4.9
34,BC5,67.0,56.53754,24.419838,35.184517,2.7460916,110.05358,4.9
35,Be12Nb,4.9,8.909053,6.339941,16.635838,2.6265042,102.61912,0.98
36,Be12Ta,7.06,4.5713515,6.830467,17.546175,2.733599,109.552925,0.98
37,Be2B,8.73,13.928352,14.587021,28.140621,3.457551,133.21266,0.98
38,BN,55.966,54.18382,35.089817,46.293247,2.858018,114.53919,0.96
39,BN,53.756,51.79704,31.395367,41.84129,2.664776,104.114426,1.96
40,BN,51.306,51.63068,31.563313,42.166557,2.7049093,99.08991,2.94
41,CaB6,26.48,24.310812,24.22504,33.100365,2.2641132,82.94207,0.29
42,Cd2Gd,1.27,2.4701838,1.8732527,4.2623715,0.60946906,24.306747,0.98
43,Cd3Gd,2.75,2.3319058,1.74595,4.081366,0.5957694,21.825033,0.98
44,Cd45Gd11,3.97,1.8088164,1.6994003,3.6878035,0.5072457,18.582113,0.98
45,Cd6Gd,2.99,4.112886,1.9311208,3.5401168,0.41045818,16.036852,0.98
46,CdGd,1.47,1.9456221,2.2576747,4.863532,0.6647595,24.352373,0.98
47,CdTe,0.59,-0.036760323,-0.13509493,5.460728,1.427506,54.999004,0.25
48,Ce0.5U0.5O2,6.1,13.973599,7.141888,13.325828,1.5775355,57.790424,0.02
49,Ce0.8Gd0.2O1.9,6.045,8.208756,5.622328,7.7638106,0.54629666,21.893627,9.8
50,Ce0.8Nd0.2O1.9,6.799,6.3774195,5.529984,8.832636,0.8425132,32.46038,9.8
51,CeAlO3,9.0,8.956697,6.2609596,12.719644,1.6476234,60.35798,1.96
52,CeB6,30.79,24.854269,20.698765,27.935751,1.84617,72.13099,0.29
53,CeB6,18.65,23.944696,19.717012,26.057785,1.617544,64.82541,1.96
54,CeC2,0.98,2.8748913,1.9812056,6.214968,1.0800415,43.074043,2.942
55,CeGaO3,7.2,6.784873,6.530328,9.844635,0.8454865,33.033672,1.96
56,CeMn2Si2,6.8,7.3226275,5.559893,7.142543,0.40373716,14.790248,0.49
57,CeRh3,2.0,4.6375074,3.568793,5.0122776,0.36823586,14.757584,2.942
58,CeRh3B,5.5,2.6334994,3.9093733,4.4723988,0.14362894,5.5337415,2.942
59,Co0.7Pt0.3,0.96,0.50351024,0.008591682,3.6532373,0.9297565,37.080402,9.8
60,Co2B,11.28,14.006981,9.842894,16.914907,1.8040851,70.48671,0.49
61,Co3B,11.28,11.018586,9.33309,14.7501955,1.3819147,50.624176,0.49
62,CoB,11.28,17.734985,16.086096,24.001913,2.019341,77.80125,0.49
63,CoB2,25.25,23.891212,22.318563,32.211655,2.5237477,101.14283,0.49
64,CoB50,37.07,41.05907,33.571617,42.206257,2.2027142,86.061386,0.49
65,Cr0.05W0.95B4,50.92855526,52.92729,43.47887,53.075996,2.4482465,95.65448,0.49
66,Cr0.05W0.95B4,46.45652707,42.308308,37.473545,43.546036,1.5491047,59.683964,0.98
67,Cr0.05W0.95B4,37.69876855,38.196354,34.550274,39.406467,1.2388248,49.647694,1.96
68,Cr0.05W0.95B4,35.6180058,35.610504,33.275303,37.178562,0.9957294,39.905293,2.94
69,Cr0.05W0.95B4,31.92237464,33.56165,32.67654,36.633682,1.009475,40.25972,4.9
70,Cr0.2Pt0.8,1.11,1.5127263,1.0736654,2.2623262,0.3032298,11.847374,9.8
71,Cr0.2Re0.5Fe0.3,14.6,11.9397545,8.416286,21.612026,3.36626,131.52184,0.49
72,Cr0.3W0.7B4,42.12417551,44.611507,39.543106,45.99858,1.6468048,65.677605,0.49
73,Cr0.3W0.7B4,39.73289136,36.423725,35.064747,39.752,1.1957276,43.803516,0.98
74,Cr0.3W0.7B4,34.2049445,33.71605,32.188072,35.016876,0.7216337,28.920511,1.96
75,Cr0.3W0.7B4,31.44100848,31.355574,29.802895,33.27345,0.88534546,34.110622,2.94
76,Cr0.3W0.7B4,27.34159474,28.64097,29.201754,30.909462,0.4356399,17.458897,4.9
77,Cr0.43Re0.43Co0.14,6.4,10.686514,9.425627,15.719383,1.60555,64.344734,0.5
78,Cr0.4Fe0.4Co0.4Ni0.4Al0.4,7.26,3.995373,3.8899932,5.255364,0.34830886,13.419657,1.96
79,Cr0.5W0.5B4,44.50309343,43.887234,38.243202,44.647842,1.6338367,65.47836,0.49
80,Cr0.5W0.5B4,38.81984845,37.369934,34.204575,39.72528,1.4083434,55.024837,0.98
81,Cr0.5W0.5B4,34.53413684,33.90487,30.48421,34.2873,0.9701763,35.540813,1.96
82,Cr0.5W0.5B4,32.88819384,31.137388,29.230824,32.38743,0.8052563,32.27181,2.94
83,Cr0.5W0.5B4,27.20494886,29.709862,27.570274,30.813671,0.8273971,32.32691,4.9
84,Cr0.67Mo2Ni0.33B2,21.96,13.100555,10.487659,17.304281,1.738934,66.99772,1.0
85,Cr11Ge19,8.38,7.6340303,5.5436907,8.844609,0.84207106,33.583344,0.98
86,Cr11Ge8,8.14,6.819093,6.7319217,8.280788,0.39511907,15.834967,0.98
87,Cr2.4W0.6B4,16.8,24.576708,24.201569,27.952684,0.9569173,37.38734,0.98
88,Cr2.55Mo0.45B4,21.5,20.912634,18.406946,22.047981,0.92883545,35.78621,0.98
89,Cr2.58Ta0.42B4,22.2,22.191492,22.198591,26.682423,1.1438345,45.840816,0.98
90,Cr2.67V0.33B4,21.8,19.487583,15.955402,23.672455,1.9686358,75.84767,0.98
91,Cr2.79Nb0.21B4,21.6,20.504946,18.514032,23.353352,1.2345202,49.234936,0.98
92,Cr2.91Ti0.09B4,22.1,18.731966,17.158031,22.974247,1.4837284,57.165146,0.98
93,Cr28.58Al112.28,5.96,5.609852,3.6591394,9.750823,1.5540009,60.715763,0.49
94,Cr2Al,5.79,7.161127,4.6719155,7.6898513,0.76988155,30.854115,0.49
95,Cr2B,13.24,14.698569,11.650523,14.646421,0.76425976,30.628813,0.49
96,Cr2B3,20.69,14.745349,14.859133,22.97174,2.069543,79.73543,0.98
97,Cr3B4,23.89,19.513283,16.586193,25.008774,2.1486175,85.69082,0.49
98,Cr3B4,14.71,20.356043,16.132484,23.940271,1.9917823,79.43594,0.98
99,Cr3C2,10.75,13.780502,12.0005455,24.378984,3.157765,121.66248,0.49
100,Cr4Al9,6.25,6.928628,5.291105,13.688435,2.142176,85.433914,0.49
101,Cr4B,12.16,10.785281,8.039407,11.399382,0.8571364,31.399786,0.49
102,Cr5Al8,7.85,5.431477,4.131819,6.92738,0.71315336,28.58065,0.49
103,Cr5B3,14.91,15.399853,10.998106,16.451843,1.3912594,55.485985,0.49
104,Cr5Ge3,7.02,8.816632,6.160922,9.302574,0.80144185,31.962975,0.98
105,Cr7Al45,3.03,8.257836,5.521551,16.713917,2.8551953,113.87044,0.49
106,CrB,27.5,22.459509,14.961848,22.12602,1.8275949,66.950935,0.98
107,CrB,23.0,21.490685,14.633312,21.506163,1.7532781,64.22846,1.96
108,CrB,21.5,22.948696,15.294902,22.838068,1.9242771,76.74371,2.94
109,CrB2,20.59,27.334084,24.727201,29.034698,1.0988512,43.824207,0.49
110,CrB4,26.1,31.667257,31.057959,34.815945,0.9586699,35.119297,0.98
111,CrB50,40.31,38.55932,36.798046,43.767586,1.7779437,70.90767,0.49
112,CrGe,6.24,7.3344493,6.048987,8.862936,0.7178441,27.657125,0.98
113,Cu0.5Pt0.5,1.25,0.48548266,-0.26979178,2.0868049,0.6011726,23.488182,9.8
114,Cu10Zr7,5.49,4.750306,3.9499533,5.304928,0.34565675,12.662567,0.49
115,Cu2.5LaNi2.5,6.12,5.2797976,4.012915,6.0475965,0.5190514,19.998032,0.98
116,Cu4Y0.1Yb0.9In,6.32,4.39317,3.7389886,6.720844,0.76067734,27.866165,0.98
117,Cu4YbIn,5.58,4.371322,3.5792086,6.692257,0.794145,29.092197,0.98
118,Cu4YIn,6.9,5.173693,3.9509099,5.8844633,0.4932534,18.069529,0.98
119,Cu51Zr14,5.05,4.8221183,3.6886969,5.591045,0.48529285,18.960688,0.49
120,Cu5Gd,4.41,5.5041103,4.067832,6.264419,0.5603538,21.589333,0.98
121,Cu5Nd,3.92,5.3214607,3.5272183,4.7465854,0.31106302,12.153422,0.98
122,Cu5Zr,4.61,4.5930896,3.75681,5.6248174,0.4765325,19.097727,0.49
123,Cu6Gd,4.81,4.9965563,3.5491319,4.476033,0.23645441,9.238419,0.98
124,CuEu2,1.27,2.2663376,2.748496,6.2629833,0.89655286,32.843742,0.98
125,CuZr,4.24,5.807437,4.7244124,6.03123,0.33337182,13.295482,0.49
126,CuZr2,4.41,5.199538,4.393532,7.089864,0.6878398,26.874321,0.49
127,DyB12,30.4,32.48074,30.756123,35.30527,1.1604971,44.711674,0.49
128,DyC2,5.71,4.886944,4.0440326,8.262987,1.0762639,42.05029,1.72
129,DyMn2Si2,5.5,6.2939253,5.8163733,7.7835774,0.5018378,19.334826,0.49
130,ErB12,34.32,33.81148,31.143288,37.220272,1.5502511,62.12855,0.49
131,ErC2,4.47,6.9370756,5.4564943,9.765856,1.0993268,44.05711,1.72
132,ErPd2Ge,7.45,6.8746305,5.0164585,6.7442126,0.44075358,17.22051,0.98
133,ErRh3B,4.9,9.234751,7.21966,9.495006,0.58044535,21.263662,0.98
134,ErRh4B4,11.1,13.7646675,9.621716,15.194489,1.4216257,52.078926,0.98
135,EuB6,26.09,22.935852,20.14019,26.565922,1.6392173,65.694,0.98
136,Fe0.5Pt0.5,1.11,0.99325156,0.4531871,2.79795,0.59815377,23.04569,9.8
137,Fe0.85Pt0.15,0.84,0.43850636,1.0961072,4.6141434,0.8974582,32.876907,9.8
138,Fe0.9Ru0.1,0.8,2.6046605,2.5604606,5.4925113,0.74797213,29.976063,9.8
139,GaN,11.0,12.193766,12.030883,16.188818,1.0606977,41.442104,0.49
140,GaP,9.45,5.543512,6.3939996,10.768101,1.1158421,42.991207,0.49
141,Gd0.2Nd0.8B6,22.74,20.955444,17.611319,23.262503,1.4416286,56.32531,5.0
142,Gd0.4Nd0.6B6,22.41,22.408636,19.036875,23.144888,1.0479625,40.375942,5.0
143,Gd0.8Nd0.2B6,22.65,20.351566,18.783386,25.166752,1.6284096,59.654114,5.0
144,Gd2Co17,7.01,5.2715435,4.33629,7.819113,0.88847524,34.71327,0.98
145,GdC2,4.63,7.297584,4.5778294,7.369472,0.71215373,28.540588,1.72
146,GdCo2,5.88,5.498759,4.6352506,6.753016,0.54024625,19.791035,0.98
147,GdCo3,6.28,6.7586274,4.97693,7.206188,0.5686883,22.680334,0.98
148,GdCo5,6.86,6.5739827,4.7475414,6.7038336,0.4990541,20.000313,0.98
149,GdMn2Si2,6.8,6.439748,5.7283697,7.9581265,0.5688155,20.837624,0.49
150,GdRh3B,6.8,3.36667,4.57931,5.4695663,0.22710623,8.749957,2.94
151,Hf0.04W0.96B4,51.33958492,46.74665,41.213234,49.00985,1.9889325,76.62967,0.49
152,Hf0.04W0.96B4,39.9514797,41.367237,36.87893,43.325485,1.6445296,65.58687,0.98
153,Hf0.04W0.96B4,34.87300034,36.328533,33.330475,37.602005,1.089676,43.458286,1.96
154,Hf0.04W0.96B4,33.45718185,33.00734,31.887901,35.01912,0.7987801,30.775429,2.94
155,Hf0.04W0.96B4,31.08725252,31.754791,30.873636,32.673912,0.45925403,16.824017,4.9
156,Hf0.12V2.91Ge0.97,10.2,8.915102,6.8679476,11.025979,1.0607224,38.857822,0.49
157,Hf0.1Pt0.9,0.7,2.5721087,0.98561335,1.748915,0.19471979,7.7657833,9.8
158,Hf0.1W0.9B4,42.28536669,46.10925,41.561935,48.29001,1.7163452,67.058655,0.49
159,Hf0.1W0.9B4,37.3915316,36.127228,36.10786,40.37605,1.0888236,43.424286,0.98
160,Hf0.1W0.9B4,33.17491021,32.682087,32.58486,35.848095,0.8324574,33.199932,1.96
161,Hf0.1W0.9B4,31.3589137,31.063398,31.38523,33.47131,0.5321634,21.223654,2.94
162,Hf0.1W0.9B4,29.01976303,29.527414,30.010908,32.702526,0.6866372,26.454784,4.9
163,Hf0.20Zr0.20Ti0.20Ta0.20Nb0.20,3.826,3.7807305,3.7372,10.552825,1.7386799,63.693684,4.9
164,Hf0.3W0.7B4,44.60681477,44.993385,40.124058,45.384056,1.3418363,49.15597,0.49
165,Hf0.3W0.7B4,38.3895526,38.342396,35.56046,39.2723,0.94689834,36.995895,0.98
166,Hf0.3W0.7B4,34.97312103,34.548027,31.827873,34.982784,0.80482423,32.09787,1.96
167,Hf0.3W0.7B4,32.63388725,33.068398,30.856752,33.076904,0.56636524,22.128235,2.94
168,Hf0.3W0.7B4,31.15653914,31.84355,29.312277,31.123291,0.4619934,18.515053,4.9
169,Hf0.4V4.75Ge2.85,9.8,8.871799,7.9367948,12.637672,1.1992035,46.202957,0.49
170,Hf0.5Nb0.5Cr2,12.45,5.606779,4.4492025,6.149675,0.43379396,17.384918,1.96
171,Hf0.5W0.5B4,45.38932972,44.260056,38.70928,44.580704,1.4978126,54.869907,0.49
172,Hf0.5W0.5B4,39.47979877,38.822723,35.043133,39.043846,1.0205901,40.90162,0.98
173,Hf0.5W0.5B4,35.47857261,34.435406,30.285568,33.860466,0.9119637,33.40829,1.96
174,Hf0.5W0.5B4,33.75496749,32.906796,29.249502,31.752104,0.6384188,23.387424,2.94
175,Hf0.5W0.5B4,31.90824773,31.21803,27.97059,30.47839,0.63974464,23.435995,4.9
176,Hf2Ge,8.4,6.985211,5.7531643,9.0040045,0.82929593,33.23523,0.98
177,Hf3Ge,9.11,6.952808,5.5552845,8.507663,0.75315773,29.01769,0.98
178,Hf3Ge2,5.7,7.585507,6.5917444,9.165,0.6564427,24.0477,0.98
179,Hf4.6V0.4Ge3,6.9,8.763445,6.80186,13.091131,1.6044059,62.685116,0.2
180,Hf5Ge3,7.72,8.18533,6.2891064,9.138546,0.72689784,29.13148,0.98
181,HfB2,28.44,27.904558,29.576214,35.62798,1.5438176,59.480267,0.29
182,HfC,15.0,20.60469,12.594351,18.136225,1.4137434,55.235817,0.98
183,HfCr2,2.702,4.8634543,3.819805,5.014601,0.30479497,11.908525,4.9
184,HfGe,5.7,6.6079226,6.2103753,9.967614,0.9584793,38.225918,0.98
185,HfGe2,5.8,5.7280693,6.087245,8.073496,0.50669664,20.306599,0.98
186,HfN,19.5,16.729479,13.027772,17.39921,1.1151627,44.691753,0.49
187,HfN0.75,8.83,19.987514,15.421606,14.173048,1e-04,0.0038528037,0.49
188,HfO2,11.4,17.827023,11.498607,17.819818,1.612554,59.073265,0.49
189,HfV16Ge31,7.2,8.157108,6.684291,9.938899,0.8302572,30.415108,0.98
190,HfW2,12.4,10.71988,6.7850738,12.239298,1.3913836,53.60728,0.98
191,HfW2,9.9,9.110045,5.9952393,9.088344,0.7890572,31.469053,1.96
192,HgTe,0.25,1.3697371,0.11512979,7.9327674,1.9942952,79.924255,0.25
193,HoB12,28.44,33.118195,31.825214,35.40135,0.912279,36.383366,0.49
194,HoC2,5.61,6.4139113,5.5709834,9.995865,1.1287962,45.238136,1.72
195,HoMn2Si2,5.5,5.5845933,5.6866117,7.3565826,0.426013,16.990181,0.49
196,HoPd3,3.89,4.3574085,3.8072114,5.414404,0.4099981,16.431265,0.98
197,InBi0.024Sb0.976,4.36,3.9070497,2.9643016,5.1474276,0.5569199,20.401846,0.98
198,InN,9.8,10.634445,8.373195,11.576399,0.8171439,29.934725,0.02
199,Ir0.5Pt0.5,1.09,-0.017450394,0.48628893,5.511779,1.2820127,49.393433,9.8
200,IrB1.35,37.9,33.906345,23.995718,28.993412,1.2749219,46.70467,0.98
201,IrB1.35,29.0,26.869413,20.281998,23.80638,0.89907694,32.936207,1.96
202,IrB1.35,22.2,25.90829,20.176472,27.026968,1.7475755,68.27884,2.94
203,IrB1.35,21.3,22.702,19.341427,27.108227,1.9813265,79.01894,4.9
204,IrB1.35,49.8,35.294277,25.301765,32.862995,1.9288851,75.36272,0.49
205,IrB1.35,18.2,22.776129,18.875809,22.729088,0.98297936,36.009834,9.81
206,La0.5Ce0.5O1.75,7.378,7.5891953,5.0878735,9.515042,1.1293797,45.04174,9.8
207,La3Te4,4.315,4.327397,4.265675,4.821837,0.14187802,5.1974683,0.49
208,LaB6,27.16,30.663605,27.456991,30.98025,0.89879036,35.845413,0.29
209,LaC2,2.4,1.9790081,2.0211983,7.8975697,1.4990743,58.569748,2.942
210,LaCo0.75Ni3.95Al0.3,7.3,5.824189,4.432805,6.1225147,0.43104836,16.841322,0.98
211,LaCo2.5Ni2.5,4.78,5.966675,4.4078608,6.8183594,0.6149231,23.691782,0.98
212,LaMnNi4,6.01,5.964593,4.7696214,6.641766,0.47758794,19.140026,0.49
213,LaNi3.5Al1.5,5.38,6.5942683,5.1636753,6.3726487,0.30841157,11.298151,0.49
214,LaRh3B,4.2,5.9917054,5.5604725,5.757519,0.050266907,2.0145187,2.94
215,Lu2Fe14C,8.05,7.570159,4.7937355,7.8865666,0.7889875,31.619814,0.98
216,LuAl3,4.33,5.627371,3.6032724,5.9755106,0.6051628,22.169146,0.98
217,LuC2,5.88,12.618168,6.233734,12.848432,1.6874228,67.29752,1.72
218,LuRh3B,7.7,4.8234553,4.671631,7.1288514,0.62684196,24.99961,2.94
219,Mg2B25C4,32.0,31.733736,29.403625,37.81973,2.146965,78.650536,2.0
220,MgB2,5.2,13.377891,12.726876,20.263512,1.922611,77.05141,0.98
221,MgCr0.2Al1.8O4,16.24,8.432109,8.285574,15.67068,1.8839556,69.01562,2.45
222,MgLaAl11O19,14.4,8.717175,7.098085,15.045994,2.0275278,74.275154,3.92
223,Mn0.04W0.96B4,53.68335825,52.438545,42.857746,53.811596,2.7943494,111.98759,0.49
224,Mn0.04W0.96B4,44.24763328,43.361233,38.57924,45.763992,1.8328452,73.09724,0.98
225,Mn0.04W0.96B4,36.43124066,37.922764,34.84701,40.378727,1.4111519,51.695232,1.96
226,Mn0.04W0.96B4,34.2202292,34.7628,33.115265,37.470024,1.1109079,44.521236,2.94
227,Mn0.04W0.96B4,31.69780767,32.33676,31.880873,35.985718,1.0471543,38.36078,4.9
228,Mn0.33Pt0.67,1.13,1.3110399,0.6150768,1.7578852,0.29153275,11.626863,9.8
229,Mn0.3W0.7B4,47.17488789,45.114513,39.28346,44.71523,1.3856556,55.262497,0.49
230,Mn0.3W0.7B4,39.57648231,38.261887,34.97245,38.911533,1.0048681,38.7156,0.98
231,Mn0.3W0.7B4,33.84653712,34.391533,31.617825,34.734703,0.795122,30.634491,1.96
232,Mn0.3W0.7B4,32.38290982,32.958828,30.817167,32.949203,0.5438868,21.249989,2.94
233,Mn0.3W0.7B4,30.04733433,29.927982,28.138247,31.320656,0.8118391,32.377636,4.9
234,Mn0.5W0.5B4,41.00896861,39.60714,38.317055,43.00881,1.1968758,46.76267,0.49
235,Mn0.5W0.5B4,32.2894868,34.17894,33.232525,35.712505,0.63264805,25.231169,0.98
236,Mn0.5W0.5B4,30.10961634,30.555803,29.89963,32.653122,0.7024215,27.062922,1.96
237,Mn0.5W0.5B4,28.9573991,28.526539,28.760267,30.66719,0.48646,19.495586,2.94
238,Mn0.5W0.5B4,26.71524664,26.295855,27.104523,29.279905,0.5549445,20.329481,4.9
239,Mn2B,17.45,11.3664875,10.34899,12.921962,0.6563702,24.045046,0.49
240,Mn5Si3,8.3,4.60591,6.1446733,8.785836,0.673766,24.682312,0.98
241,MnB,18.0,15.279088,11.450755,20.01049,2.183606,87.08622,0.49
242,MnB2,12.4,22.313496,19.883175,24.720535,1.2340205,48.213932,0.49
243,MnB50,41.29,39.971848,36.459522,42.257484,1.479072,59.275944,0.49
244,MnSi,11.2,6.896312,7.5902605,11.182151,0.9162985,33.567093,0.98
245,Mo0.03W0.97B4,50.31496063,52.98337,41.63011,52.084175,2.666853,106.87798,0.49
246,Mo0.03W0.97B4,45.07874016,44.114162,37.01806,44.544754,1.9200753,75.01852,0.98
247,Mo0.03W0.97B4,40.31496063,37.64602,34.003994,38.961967,1.2647891,50.442116,1.96
248,Mo0.03W0.97B4,36.33858268,35.12233,32.731052,36.808296,1.0401132,41.48163,2.94
249,Mo0.03W0.97B4,33.42519685,33.91547,30.95903,35.278248,1.1018412,40.364143,4.9
250,Mo0.1W0.9B4,43.66141732,47.95796,41.366447,49.23314,2.006809,80.425766,0.49
251,Mo0.1W0.9B4,38.11023622,38.038555,36.87254,42.752975,1.5001112,57.79634,0.98
252,Mo0.1W0.9B4,34.17322835,33.472782,33.629223,36.750122,0.79614776,31.751837,1.96
253,Mo0.1W0.9B4,31.92913386,31.602371,31.85313,36.003513,1.0587711,40.792374,2.94
254,Mo0.1W0.9B4,29.60629921,28.75076,30.924902,33.23071,0.58821607,23.459139,4.9
255,Mo0.2Pt0.8,1.06,1.0455202,1.033389,2.3272827,0.3300749,13.163995,9.8
256,Mo0.5W0.5B4,39.6,40.506565,37.881092,43.74614,1.4961855,59.961796,0.49
257,Mo0.5W0.5B4,33.0,33.908142,33.60171,37.616093,1.0240768,39.45567,0.98
258,Mo0.5W0.5B4,30.0,29.892424,30.041817,33.903492,0.98512125,38.48929,1.96
259,Mo0.5W0.5B4,26.0,26.058748,27.550213,30.478765,0.74707973,27.36804,4.9
260,Mo0.65Os0.35,14.06,12.6159,8.241126,16.796457,2.1824825,84.08677,0.98
261,Mo0.6Ru0.4,10.0,11.957053,7.1523566,13.228616,1.5500661,60.562027,0.49
262,Mo2B,24.52,15.588796,12.669372,17.866606,1.325825,53.13435,0.49
263,Mo3.2Pt0.8,13.53,11.126806,6.3234653,12.104936,1.4748648,58.820324,0.98
264,Mo3Fe3N,20.3,9.807531,9.174881,11.9862995,0.7171986,26.273394,0.98
265,Mo3Ni2N,20.5,13.166315,10.161414,11.899455,0.4433778,16.242418,0.98
266,Mo3Os,12.07,12.86985,8.840687,15.579071,1.7189755,62.971848,0.98
267,Mo3Pd2N,17.1,12.083559,8.810261,14.536461,1.4607654,58.25801,0.49
268,Mo3Pt2N,19.4,16.863068,10.37111,16.24652,1.4988289,59.776054,0.98
269,MoB,23.78,26.18981,18.703533,29.074734,2.6457143,105.51595,0.49
270,MoB2,23.04,28.87984,26.155247,32.939674,1.7307214,69.02435,0.49
271,MoFe2,4.8,7.316663,4.7539024,8.384311,0.9261246,35.681763,0.5
272,MoPt,12.75,9.52495,4.9368176,9.261939,1.1033473,40.419315,0.98
273,Nb,0.53,6.696821,5.005095,9.373618,1.1144191,44.661953,0.98
274,Nb0.07Fe0.81B0.12,5.673,8.898585,8.783024,8.979942,0.050234307,2.0132122,1.0
275,Nb0.07Pt0.93,1.16,0.77748656,0.91417605,2.4690812,0.39665946,14.530968,9.8
276,Nb0.67Al0.33,12.26,4.0214458,4.218416,6.06868,0.47200602,18.185467,0.98
277,Nb0.95Al0.05,4.41,3.914894,5.4441,11.830729,1.629242,59.684605,0.98
278,Nb2Al,3.7265,10.598681,7.0525813,11.37821,1.1034766,44.00868,0.98
279,Nb3B2,10.46,9.8069105,10.61755,17.027306,1.6351417,65.21246,0.49
280,Nb3B2,5.08,8.634047,10.522011,13.464364,0.7506003,30.081388,1.96
281,Nb3Ga,9.81,6.8528943,5.497896,8.096705,0.66296154,25.542608,0.49
282,Nb3Ge,9.11,8.198624,7.689736,10.00002,0.5893582,23.50469,0.98
283,Nb3Si,7.12,10.343426,7.8125863,11.766365,1.008617,40.421783,0.49
284,Nb3Sn,6.8,6.0563765,6.2083287,7.785857,0.4024307,15.504866,0.98
285,Nb3Sn0.5Ge0.5,9.1,6.855194,6.536204,9.552709,0.7695165,30.689735,0.98
286,Nb5Ga3,10.42,8.667041,5.466652,7.442445,0.5040288,20.19968,0.98
287,Nb5GaSn2,9.65,9.864327,6.0020237,9.471289,0.88501656,35.29609,0.98
288,Nb5Ge3,10.42,9.076067,6.9718027,11.063306,1.0437508,38.236095,0.98
289,NbB,21.53,21.73893,17.701555,23.73401,1.5388917,61.673306,0.49
290,NbB,16.58,17.050789,17.951107,19.08835,0.29011306,11.177487,1.96
291,NbCr2,2.704,6.242448,4.106338,5.276011,0.29838595,11.658121,4.9
292,NbGe2,7.8,8.357108,7.24898,9.405844,0.5502203,21.497442,0.98
293,NbN,20.0,22.278242,16.608149,22.021633,1.380991,53.206875,0.49
294,NdB6,24.91,23.931875,19.82207,24.24199,1.1275306,44.053307,0.69
295,NdC2,2.35,3.0489216,2.1505969,2.2020326,0.013121354,0.5258572,1.72
296,NdFeRu,5.3,5.5108366,3.4145901,4.822319,0.3591145,14.030823,49.03
297,NdMn2Si2,6.3,6.2894216,5.5770855,7.0171137,0.36735412,14.153434,0.49
298,NdPd2Ge,4.61,6.280181,4.5382977,5.214681,0.1725468,6.741509,0.98
299,NdRh3B,4.9,8.450226,6.5586486,8.278712,0.43879175,16.074415,0.98
300,NdRuCo,5.49,4.9867725,2.9468873,4.971089,0.516378,19.895031,49.03
301,NdRuNi,4.9,4.110703,3.379645,4.8441973,0.37361023,13.686597,49.03
302,Ni0.05Ga0.95Sb,5.07,5.75719,3.2470942,5.9119644,0.6798138,27.112225,1.96
303,Ni2B,14.02,6.427893,6.891733,13.183297,1.6049908,62.70797,0.5
304,Ni3B,11.67,6.3216786,6.14264,9.9258585,0.9651067,37.70731,0.49
305,NiB50,39.13,41.07295,33.032978,42.17498,2.3321433,91.11826,0.49
306,Os0.3Ru0.7B2,23.5,28.076258,22.082594,30.444242,2.1330736,78.14165,0.49
307,Os0.3Ru0.7B2,15.0,15.498928,16.445417,22.564941,1.561103,60.146236,1.96
308,Os0.5Ru0.5B2,22.0,28.47998,23.230534,31.9857,2.233461,81.819176,0.49
309,Os0.5Ru0.5B2,15.5,15.06148,16.905125,23.30137,1.6316954,63.751335,1.96
310,Os0.8Ru0.2B2,23.0,27.169418,25.587732,30.953861,1.3689104,54.594666,0.49
311,Os0.8Ru0.2B2,16.5,16.48771,19.371262,24.270472,1.2497984,49.84426,1.96
312,Os2Si3,19.61,17.333319,13.368151,17.426874,1.0353886,41.2932,0.98
313,OsSi,14.22,17.23609,13.565752,19.797861,1.5898237,62.115383,0.98
314,Pd20Te7,5.05,2.3074927,2.1448183,7.6768904,1.4112428,56.557594,0.98
315,Pd3.5Te,2.54,4.1135116,2.163276,7.6355715,1.3959938,55.6748,0.98
316,Pd3Te2,2.7,2.4436479,1.8308003,4.5801315,0.70136,27.402563,0.98
317,Pd9Te4,1.73,1.996885,2.137667,7.531367,1.3759438,55.142933,0.98
318,Pr0.03Nd0.65Fe3NiSb12,1.86,4.049338,3.8496807,3.5071228,1e-04,0.0039070607,0.49
319,PrB6,24.22,23.915995,21.297792,25.431248,1.0544529,40.626,0.98
320,PrC2,1.37,2.4977772,2.5917437,5.1198077,0.64491427,23.625376,1.72
321,PrMn2Si2,6.5,6.5728855,5.5921273,6.809267,0.3104948,11.374468,0.49
322,Pt0.5Pd0.5,0.74,2.0452888,-0.10237128,2.0884767,0.55888975,21.836163,9.8
323,Pt0.915Sn0.085,1.4,0.66653043,0.013657499,2.5784957,0.65429544,25.563723,9.8
324,Pt0.91Al0.09,0.59,1.4962796,0.40583664,2.5138123,0.5377489,21.010176,9.8
325,Pt0.96Ge0.04,1.21,1.0813091,0.6616358,2.9725757,0.58952546,21.596298,9.8
326,Re0.25Pt0.75,0.85,0.7062138,0.92422557,4.293475,0.85950243,33.581284,9.8
327,Re0.6W0.4B2,48.17,38.267742,32.439224,39.006115,1.6752272,66.81114,0.49
328,Re0.6W0.4B2,38.03,38.637356,31.306164,37.15983,1.4932817,57.533215,0.98
329,Re0.6W0.4B2,34.76,35.02551,27.32289,33.64728,1.6133654,59.102993,1.96
330,Re0.6W0.4B2,32.52,33.36742,26.30058,32.073795,1.4727592,53.952118,2.94
331,Re0.6W0.4B2,30.31,30.724781,25.397669,30.05928,1.1891866,46.462246,4.9
332,Re0.9Si0.1,10.79,13.554772,11.73733,17.911098,1.5749408,61.533897,0.98
333,Re2Si,12.75,12.64375,12.775281,20.902363,2.073235,79.87768,0.98
334,Re3B,16.57,14.271757,13.083747,21.822905,2.229377,85.893524,0.98
335,Re7B3,16.18,18.505245,16.424335,22.170984,1.4659818,53.70384,0.98
336,ReB2,40.45,37.359356,31.130184,37.2255,1.554927,62.013348,0.49
337,ReB2,35.08,35.595066,29.311182,34.35029,1.2854863,51.26756,0.98
338,ReB2,31.73,32.41228,27.358145,32.50226,1.3122739,50.559338,1.96
339,ReB2,30.3,30.176838,25.357794,30.259655,1.2504748,45.80909,2.93
340,ReB2,29.31,27.33343,25.055908,27.624733,0.6553124,25.603456,4.9
341,ReSi,17.16,12.52018,13.02325,18.565405,1.4138151,54.471523,0.98
342,ReSi2,22.56,16.674137,13.978698,20.603544,1.6900119,61.91081,0.98
343,Rh0.5Pt0.5,0.71,1.5243781,-0.20464028,3.2528327,0.88200843,34.46061,9.8
344,Rh20Si13,11.08,9.515629,6.687623,10.491142,0.9702855,37.909645,0.98
345,Rh2Si,2.06,12.202081,8.884972,11.806009,0.74516267,29.718458,0.98
346,Rh3Si2,9.22,9.742036,7.0744243,10.726397,0.93162555,37.33624,0.98
347,Rh3Si4,10.2,11.683087,8.816215,11.10091,0.5828305,23.357773,0.98
348,Rh4Si5,11.38,10.0473795,8.428622,11.829403,0.8675461,33.424847,0.98
349,Rh5Si3,10.79,8.324704,6.8657165,10.830282,1.0113688,40.532063,0.98
350,Rh7B3,7.62,14.456497,10.087691,11.594645,0.38442683,15.40646,0.49
351,RhB1.1,11.89,17.398066,15.687866,19.434174,0.9556906,36.820885,0.49
352,RhSi,11.03,10.358823,7.213931,11.842261,1.1806965,46.13053,0.98
353,Ru0.5Ir0.5Al,2.765,7.2249746,4.192249,8.8063545,1.1770678,43.119946,1.96
354,Ru0.5Pt0.5,1.68,3.3991125,2.0515,4.124931,0.5289364,19.376717,9.8
355,Ru0.5Rh0.5,4.81,5.6729264,3.5677474,9.759371,1.5794958,60.854874,1.0
356,Ru2Ge3,10.79,8.072569,6.9142156,7.9062,0.25305724,9.887101,0.98
357,Ru2Si3,15.2,15.66044,10.246803,12.227956,0.50539607,19.746132,0.2
358,RuB2,24.2,20.339153,17.24012,25.15923,2.020181,80.568535,0.25
359,RuB2,20.6,23.910326,18.147581,25.488039,1.8725657,68.59837,0.49
360,RuB2,16.74,19.971664,16.673803,22.648771,1.5242265,55.837536,0.98
361,RuB2,14.4,16.426868,15.072179,21.752512,1.7041665,66.582825,1.96
362,Sc0.021Pt0.979,1.18,1.05457,1.2416304,1.5402102,0.07616832,3.0525553,9.8
363,Sc0.05Y0.95B12,41.5078742,41.260586,38.847008,43.342274,1.1467515,45.734562,0.49
364,Sc0.05Y0.95B12,35.03897864,35.150627,34.02714,36.545094,0.6423347,25.742489,0.98
365,Sc0.05Y0.95B12,32.31957769,31.9037,30.941319,33.39853,0.6268394,22.963232,1.96
366,Sc0.05Y0.95B12,30.09461328,30.322033,29.601688,32.010983,0.61461586,22.515442,2.94
367,Sc0.05Y0.95B12,28.85852194,28.837675,28.327757,30.345402,0.5147053,19.830585,4.9
368,Sc0.05Zr0.95B12,41.513473,41.914436,39.68858,42.889683,0.81660795,31.90537,0.49
369,Sc0.05Zr0.95B12,35.91240375,35.632072,34.603127,37.16467,0.6534547,25.176329,0.98
370,Sc0.05Zr0.95B12,33.54446204,32.84947,31.377075,33.719723,0.59761417,21.892614,1.96
371,Sc0.05Zr0.95B12,31.24480269,31.352499,30.096128,31.726482,0.4159066,16.249725,2.94
372,Sc0.05Zr0.95B12,28.85409231,29.46795,29.021652,30.456682,0.36607906,13.410706,4.9
373,Sc0.25Y0.75B12,42.66650803,41.87811,38.4623,42.29718,0.9782859,38.22223,0.49
374,Sc0.25Y0.75B12,35.84738659,36.472706,34.12615,37.683628,0.90752035,36.19358,0.98
375,Sc0.25Y0.75B12,33.56061761,32.841034,31.38178,33.764347,0.60779756,23.74702,1.96
376,Sc0.25Y0.75B12,30.9648258,31.878565,29.56299,32.327522,0.70523775,28.126179,2.94
377,Sc0.25Y0.75B12,29.97595272,29.278044,28.641092,30.459349,0.4638409,18.122547,4.9
378,Sc0.25Zr0.75B12,43.69269246,43.91153,39.387653,44.803486,1.3815899,55.100346,0.49
379,Sc0.25Zr0.75B12,36.88488368,37.083244,34.66042,37.74564,0.787046,30.32334,0.98
380,Sc0.25Zr0.75B12,34.26651024,34.114006,31.5028,34.52143,0.77005893,28.209845,1.96
381,Sc0.25Zr0.75B12,32.14900026,32.293903,29.973064,32.675907,0.6895007,27.498556,2.94
382,Sc0.25Zr0.75B12,30.44134999,30.320633,28.855806,30.996075,0.54598683,21.332039,4.9
383,Sc0.5Y0.5B12,45.14486766,43.630722,38.2295,43.889645,1.4439144,57.866955,0.49
384,Sc0.5Y0.5B12,37.52230439,37.811283,34.21438,38.310127,1.0448339,41.6699,0.98
385,Sc0.5Y0.5B12,35.79175897,34.23692,31.127266,34.86212,0.9527693,38.183605,1.96
386,Sc0.5Y0.5B12,32.8251573,32.375732,29.882956,33.074764,0.8142369,32.631718,2.94
387,Sc0.5Y0.5B12,31.19763704,31.565197,28.576077,31.961079,0.8635209,33.269768,4.9
388,Sc0.5Zr0.5B12,47.96499819,46.373505,39.53632,46.003693,1.64984,63.565098,0.49
389,Sc0.5Zr0.5B12,39.63166486,39.379726,34.918617,39.26844,1.1096487,44.47077,0.98
390,Sc0.5Zr0.5B12,37.17264847,36.323166,31.256876,36.042095,1.2207191,48.684525,1.96
391,Sc0.5Zr0.5B12,34.07613295,34.452873,29.840405,34.510395,1.1913241,45.89938,2.94
392,Sc0.5Zr0.5B12,32.04972129,32.801575,28.860376,33.02483,1.0623605,40.930668,4.9
393,Sc0.8Y0.2B12,44.36941513,42.523193,38.896793,44.119267,1.3322636,51.329502,0.49
394,Sc0.8Y0.2B12,36.06700163,37.412094,34.192757,38.27632,1.0417256,41.748657,0.98
395,Sc0.8Y0.2B12,35.03692551,33.750645,30.622768,34.94439,1.1024543,43.967907,1.96
396,Sc0.8Y0.2B12,32.00851927,32.262104,29.57662,33.33007,0.95751286,36.89109,2.94
397,Sc0.8Y0.2B12,30.54579364,30.664822,28.783806,32.061096,0.8360434,32.664726,4.9
398,Sc0.8Zr0.2B12,45.95154316,45.48676,39.76088,45.959934,1.5813915,61.78593,0.49
399,Sc0.8Zr0.2B12,38.43785832,38.952354,35.098083,39.864136,1.2158296,44.53992,0.98
400,Sc0.8Zr0.2B12,36.32037198,35.64711,31.490639,36.300232,1.226937,47.271477,1.96
401,Sc0.8Zr0.2B12,33.47428819,34.252796,30.20855,34.524006,1.1008817,44.119423,2.94
402,Sc0.8Zr0.2B12,31.31126451,32.331657,29.150993,33.15037,1.0202495,37.375164,4.9
403,Sc2C3,5.83,10.590612,8.224544,13.969089,1.4654452,57.255836,1.72
404,Sc2ReB6,34.7401001,34.52782,32.6127,37.158096,1.1595395,46.244568,0.49
405,Sc2ReB6,31.83707398,29.811386,28.599401,31.747082,0.80297965,32.024307,0.98
406,Sc2ReB6,24.10401302,26.162,25.47169,28.71247,0.82672954,33.132378,1.96
407,Sc2ReB6,22.70255213,23.460041,24.196056,26.494635,0.586372,23.499704,2.94
408,Sc2ReB6,20.92569993,21.127022,22.385038,24.304876,0.48975456,17.941355,4.9
409,Sc3Al3C2O5,9.0,8.013653,9.571524,17.31996,1.9766418,79.216774,2.0
410,Sc5Si3,7.6,3.6824555,3.382271,7.4507384,1.0378742,40.55038,1.96
411,ScB12,41.67556428,42.27649,38.33095,43.199177,1.2418941,48.52156,0.49
412,ScB12,35.18608474,35.9087,34.733727,38.476395,0.9547623,34.976147,0.98
413,ScB12,33.94997585,32.26865,30.554358,34.056164,0.8933179,35.62716,1.96
414,ScB12,30.32412547,31.744543,29.832136,32.76541,0.74828446,29.988579,2.94
415,ScB12,28.44938694,29.987844,28.467447,30.800411,0.59514385,23.851248,4.9
416,ScB2,17.46,21.443508,17.806612,26.479517,2.2124758,81.050415,1.96
417,ScNi3B,4.6,5.6166587,5.0178275,7.532593,0.64152175,25.585068,2.942
418,ScRh3B,9.75,5.9644847,5.2232413,7.549102,0.59333175,22.85991,2.942
419,ScRh3B0.5C0.5,7.4,7.4447937,5.9525747,8.380292,0.6193156,24.819967,2.942
420,ScRh3C,9.9,6.408696,5.530946,7.651176,0.540875,21.57109,2.94
421,ScRu2,5.88,8.154593,4.4953566,9.949792,1.3914375,54.364315,0.98
422,ScSi,4.2,6.6550837,3.9804783,8.450712,1.1403657,41.775425,1.96
423,ScSi1.67,8.2,8.506395,5.0951576,9.0155735,1.0001061,36.637245,0.98
424,Si,11.27,14.845784,13.438096,23.480299,2.5617864,98.70061,0.49
425,Si2N2O,19.0,16.25929,17.076765,24.07327,1.7848228,65.384056,0.98
426,Si3N4,20.0,30.658169,25.840933,34.921673,2.3165152,89.250786,0.98
427,SiC,22.9,28.354786,19.39032,26.500338,1.81378,72.33688,2.0
428,SiO2,11.0,19.816969,13.440674,21.785337,2.1287408,82.016205,0.98
429,Sm2O3,4.71,4.6245604,4.445514,8.239559,0.9678686,38.78873,0.98
430,SmB6,24.52,25.416182,22.247465,25.742908,0.8916947,34.355247,0.98
431,SmC2,6.37,4.4232626,3.8930664,6.3965387,0.6386409,23.39556,1.72
432,SmMn2Si2,6.5,6.292536,5.8159957,7.4470406,0.41608286,16.59415,0.49
433,SmPd2Ge,5.51,5.420304,4.556642,4.9074697,0.08949686,3.5692995,0.98
434,Sr2Cu2GdRuO8,2.8,5.277611,6.3837686,12.089745,1.4556061,56.871418,20.0
435,SrB6,28.54,25.837557,22.970175,30.344355,1.8811682,75.39053,0.29
436,SrVO3,3.85,7.2907968,5.801569,9.621377,0.9744408,38.86249,9.8
437,Ta0.01W0.99B,35.0,35.65007,28.471695,36.8554,2.1387002,85.711494,0.49
438,Ta0.01W0.99B,29.0,31.540483,25.616768,31.485466,1.4971168,59.999115,0.98
439,Ta0.01W0.99B,18.5,20.956,19.59947,24.105368,1.1494637,46.066414,4.9
440,Ta0.03W0.97B4,52.02308473,49.898705,42.18595,50.87385,2.2163012,86.59224,0.49
441,Ta0.03W0.97B4,44.69812278,42.469284,37.067432,42.232925,1.3177278,50.769466,0.98
442,Ta0.03W0.97B4,37.94393709,37.648727,33.286457,37.83919,1.1614118,46.545254,1.96
443,Ta0.03W0.97B4,34.26560122,35.45486,31.88674,35.269398,0.86292297,33.714928,2.94
444,Ta0.03W0.97B4,31.82394723,32.87265,30.512318,34.17304,0.9338573,35.97969,4.9
445,Ta0.04W0.96B4,48.28132927,49.694653,41.82026,49.964367,2.0775785,82.85766,0.49
446,Ta0.04W0.96B4,41.24175545,41.498405,36.97092,43.19304,1.587275,63.612335,0.98
447,Ta0.04W0.96B4,36.39015728,36.071953,33.511795,37.541397,1.0279597,40.996925,1.96
448,Ta0.04W0.96B4,33.50456621,33.67733,32.04114,35.14181,0.7909872,30.475185,2.94
449,Ta0.04W0.96B4,31.22146119,31.54004,30.898148,33.801517,0.7406556,27.132702,4.9
450,Ta0.09Pt0.91,1.02,1.2739414,1.2179551,2.4447343,0.3129539,11.464552,9.8
451,Ta0.1W0.9B,36.5,34.929665,28.438192,37.071674,2.2024188,88.265114,0.49
452,Ta0.1W0.9B,30.5,30.781065,25.569454,31.761248,1.5795391,63.302307,0.98
453,Ta0.1W0.9B,20.0,19.203657,20.168085,23.354288,0.81280684,31.315853,4.9
454,Ta0.1W0.9B4,44.12734652,48.508247,41.463768,48.500637,1.7951196,71.592674,0.49
455,Ta0.1W0.9B4,39.90994419,39.04361,37.22986,41.3152,1.0421791,38.17852,0.98
456,Ta0.1W0.9B4,35.40715373,34.67915,33.38428,36.615517,0.82429475,32.2057,1.96
457,Ta0.1W0.9B4,33.02891933,32.28641,31.899881,34.22031,0.5919461,22.806522,2.94
458,Ta0.1W0.9B4,30.90436327,30.140648,30.408535,32.879448,0.6303349,24.285568,4.9
459,Ta0.25W0.75B,38.0,36.27785,30.647701,36.91005,1.5975378,58.523174,0.49
460,Ta0.25W0.75B,28.5,32.159336,26.748323,32.600582,1.4929231,59.831047,0.98
461,Ta0.25W0.75B,21.0,19.812683,20.921522,24.822311,0.9950993,39.68639,4.9
462,Ta0.3W0.7B4,42.6369863,44.53577,40.267647,46.51887,1.5947001,61.440666,0.49
463,Ta0.3W0.7B4,36.92922374,36.33482,35.4573,39.097374,0.9285907,34.017395,0.98
464,Ta0.3W0.7B4,32.96549975,32.837246,32.386948,35.69592,0.84412533,32.98049,1.96
465,Ta0.3W0.7B4,30.87265348,31.185583,30.93293,33.159874,0.56809795,22.195934,2.94
466,Ta0.3W0.7B4,29.38229325,29.201328,29.250826,30.558908,0.33369452,13.373289,4.9
467,Ta0.5Nb0.5Cr2,10.44,6.102132,3.5849657,8.1411,1.1622791,44.780334,1.96
468,Ta0.5W0.5B4,40.86123795,42.5376,40.2643,45.370773,1.3026714,50.896168,0.49
469,Ta0.5W0.5B4,33.78995434,35.36765,35.606945,38.129368,0.6434752,24.791836,0.98
470,Ta0.5W0.5B4,31.91907661,32.34141,31.772188,35.004917,0.82467574,32.220585,1.96
471,Ta0.5W0.5B4,31.09462202,30.226555,30.596996,32.565933,0.5022798,19.351856,2.94
472,Ta0.5W0.5B4,30.30187722,28.12262,29.235773,31.261549,0.51677954,19.910501,4.9
473,Ta3B2,27.16,23.50075,17.071781,26.546278,2.4169633,96.8633,0.49
474,Ta3B4,32.85,34.852978,30.056921,35.53818,1.3982806,51.223713,0.49
475,TaB,30.69,32.48244,26.264091,34.11648,2.0031607,80.27956,0.49
476,TaB2,24.52,33.24533,31.893055,38.023903,1.5639918,61.106113,0.29
477,TaC,23.58,20.722702,13.88381,21.74324,2.0049567,80.35153,0.98
478,TaCr2,2.98,7.8366942,6.426056,10.344363,0.99956816,40.059135,1.96
479,TaN,22.0,26.487509,14.696674,25.066929,2.645473,105.50633,0.1
480,TbB6,22.56,28.68233,24.330055,26.756895,0.6190918,23.852392,0.98
481,TbMn2Si2,5.5,6.3070374,5.7908874,7.3331194,0.39342654,15.157952,0.49
482,TbPd2Ge,7.45,5.766788,3.8315501,4.552581,0.1839364,7.335722,0.98
483,ThB6,17.06,31.94176,29.940443,36.327614,1.6293802,64.98268,0.19
484,ThB66,22.65,31.32182,32.789818,37.99915,1.3289111,51.200336,0.98
485,ThC,5.88,8.492325,3.8882132,8.886542,1.2750839,51.100826,1.96
486,ThC2,5.88,9.037953,4.8065825,8.855826,1.0329704,39.798325,1.96
487,ThCo3Al2,5.6,5.9022827,4.918142,7.348623,0.6200206,22.713438,0.98
488,ThFe3Al2,5.75,6.036054,4.360655,5.5612617,0.30627725,12.274503,0.98
489,ThMn3Al2,5.51,4.85101,4.968073,5.1591673,0.04874857,1.8781868,0.98
490,ThPt5,3.85,7.0543604,3.5643418,5.336349,0.45204264,18.028292,0.98
491,ThRe2,6.28,6.74197,4.952438,13.7645035,2.2479758,86.6101,0.98
492,Ti0.08W0.92B4,51.00800966,48.53277,41.49139,49.24353,1.9775867,78.8698,0.49
493,Ti0.08W0.92B4,39.88907019,41.655373,36.841022,43.491188,1.6964707,62.14742,0.98
494,Ti0.08W0.92B4,36.18272501,37.054882,33.209827,37.774796,1.1645327,42.660744,1.96
495,Ti0.08W0.92B4,34.42381695,34.56767,32.30016,35.076443,0.7082355,28.38356,2.94
496,Ti0.08W0.92B4,32.50781335,32.395416,30.60379,32.8902,0.58326817,23.375313,4.9
497,Ti0.1W0.9B4,44.41352722,46.203712,41.018475,48.273277,1.8507149,72.30856,0.49
498,Ti0.1W0.9B4,37.28359442,38.20439,35.89656,41.187183,1.3496486,52.731594,0.98
499,Ti0.1W0.9B4,34.01698226,33.881798,32.77719,36.009,0.8244407,32.88021,1.96
500,Ti0.1W0.9B4,32.2894837,31.596764,30.994959,34.063023,0.7826693,28.671804,2.94
501,Ti0.1W0.9B4,30.12220409,29.8548,29.799498,32.066784,0.57838935,21.188343,4.9
502,Ti0.25B3.5C0.75,39.55,24.753405,26.811052,30.081646,0.8343351,33.437183,4.9
503,Ti0.3W0.7B4,38.24093585,42.790516,39.276035,45.76239,1.6546823,60.61657,0.49
504,Ti0.3W0.7B4,34.40897668,34.507294,34.07239,40.641563,1.6758091,65.474884,0.98
505,Ti0.3W0.7B4,32.4615876,31.693424,31.065277,35.28128,1.0755111,41.437332,1.96
506,Ti0.3W0.7B4,30.73404101,29.870403,29.690805,33.549664,0.98440254,38.46121,2.94
507,Ti0.3W0.7B4,29.54050397,27.848879,28.039448,31.696922,0.9330292,36.454018,4.9
508,Ti0.5Nb0.5,1.47,7.866045,3.6500418,13.1438265,2.4218838,96.58918,0.049
509,Ti0.5Nb0.5N,15.5,17.55881,14.89151,19.427608,1.1571679,42.390945,0.98
510,Ti0.75Pt0.25,1.46,2.9761312,2.0063798,6.2605276,1.0852417,43.281433,9.8
511,Ti0.815Sn0.185,2.06,2.852571,3.4461854,7.1264467,0.9388422,34.39294,2.94
512,Ti0.89Al0.11,2.04,3.9833007,3.3307526,7.1629453,0.97760016,38.98849,0.98
513,Ti0.89V0.11,1.92,3.057388,1.6163063,4.1015234,0.63398397,24.426159,2.94
514,Ti0.9Si0.1,3.01,1.9681946,2.7083268,3.4135475,0.17990324,7.209882,2.94
515,Ti3Al,2.98,4.7400246,3.270696,7.38721,1.0501312,38.469833,0.98
516,Ti3GeC2,2.2,2.7212512,4.299786,11.981527,1.9596279,75.50062,9.8
517,Ti3SiC2,3.0,5.36931,3.9404407,9.092932,1.3144109,52.421127,9.8
518,Ti5Ge3,9.51,7.3411837,5.143407,7.6738663,0.64552534,24.870825,0.98
519,TiB,27.46,27.161335,23.910149,27.27132,0.8574417,33.03555,0.29
520,TiB2,33.05,34.56771,27.776918,34.39207,1.6875389,61.820217,0.29
521,TiB2,33.0,25.884867,22.391035,25.72509,0.8505242,34.085983,4.9
522,TiB2,26.0,29.779375,23.104555,28.242672,1.310744,51.21157,9.8
523,TiB50,35.7,37.43114,39.6771,45.271774,1.4272125,54.987698,0.49
524,TiC,26.0,16.960283,11.987827,17.572292,1.4246083,57.093235,0.98
525,TiGe2,3.01,7.5450535,5.70216,8.4739485,0.7070889,28.337606,0.98
526,TiMn2,5.82,7.1030946,4.7609,7.5344257,0.70753205,28.21768,0.98
527,TiN,18.0,15.50375,15.039469,23.104675,2.0574505,82.05491,0.98
528,TiRu,7.85,8.268534,5.168251,9.554649,1.1189791,43.719196,0.59
529,TiRu0.4Ni0.6,7.26,6.85495,5.7206025,9.507292,0.96599215,38.525543,0.59
530,TmB12,37.27,31.957308,34.34729,36.729206,0.6076316,22.259586,0.49
531,UCo5,5.88,5.681732,5.5930896,7.357106,0.45000422,17.946997,0.49
532,UV2Al20,3.14,8.488345,5.834617,15.735508,2.5257373,100.73105,0.49
533,V0.25Pt0.75,1.95,1.3841776,1.9236455,3.6129503,0.4309451,17.186884,9.8
534,V0.25Re0.75,19.91,18.552763,10.793911,18.01907,1.8431526,67.520874,0.98
535,V0.8Re0.2,5.1,11.4801035,6.245434,13.653611,1.8898411,72.81187,0.98
536,V1.16Re2.84,21.2,16.672636,9.768403,18.812012,2.307043,92.45808,0.98
537,V11Ge8,5.2,9.243885,7.1956286,11.657889,1.1383318,43.85769,0.98
538,V17Ge31,7.81,7.727975,6.470106,9.611289,0.80132216,31.958202,0.98
539,V3B2,22.36,24.511036,19.235094,24.225224,1.2729921,49.04589,0.49
540,V3B4,23.05,27.671545,25.228413,31.602905,1.6261461,63.53452,0.49
541,V3Ga,9.02,6.8101735,5.6448627,8.061214,0.6164163,22.581398,0.98
542,V3Ge,7.9,9.124154,6.857769,11.859537,1.2759613,49.160286,0.98
543,V3Si,8.9,8.597329,7.331488,13.197245,1.4963664,59.677845,0.49
544,V5Ge3,7.0,9.093416,6.479855,11.358985,1.244676,48.63025,0.98
545,V6Ga5,9.81,7.393153,5.205331,8.428831,0.8223215,31.682432,0.98
546,VB2,27.46,25.4028,25.0148,33.592297,2.188137,84.30463,0.29
547,VB50,35.4,39.2744,39.316654,44.57085,1.3403561,51.641293,0.49
548,VC,23.1,35.772633,24.730995,28.668766,1.0045334,36.79943,0.49
549,VO0.33,9.81,7.7756515,6.949736,9.660115,0.69142324,27.575232,0.98
550,W0.35Os0.65,7.72667,13.696241,6.6434417,13.144241,1.6583673,64.79342,0.98
551,W0.5Dy0.5B11.6,25.24878049,25.781614,25.580963,27.687857,0.53747284,20.707775,4.9
552,W0.5Dy0.5B11.6,37.67804878,38.233204,35.57723,42.258488,1.7044028,62.438,0.49
553,W0.5Dy0.5B11.6,31.32682927,32.33805,30.833187,35.166195,1.1053591,40.493015,0.98
554,W0.5Dy0.5B11.6,28.76585366,29.00538,28.360348,30.92249,0.6536075,25.536842,1.96
555,W0.5Dy0.5B11.6,28.42439024,27.50768,26.78412,28.790932,0.5119416,19.724106,2.94
556,W0.5Er0.5B11.6,25.86336867,25.76693,26.512838,27.745504,0.3144556,12.602262,4.9
557,W0.5Er0.5B11.6,37.48881037,37.443024,37.291878,41.33957,1.0325743,41.18096,0.49
558,W0.5Er0.5B11.6,32.23949745,32.075375,32.30699,34.690132,0.607944,22.27103,0.98
559,W0.5Er0.5B11.6,28.74911661,29.185497,29.131996,30.935724,0.4601347,17.728088,1.96
560,W0.5Er0.5B11.6,27.40243424,27.3551,27.609201,29.22079,0.41111976,15.060698,2.94
561,W0.5Gd0.5B11.6,25.62101129,24.380022,25.797457,27.566776,0.451357,17.634794,4.9
562,W0.5Gd0.5B11.6,35.03436426,36.48669,37.217506,42.23899,1.2809908,51.088272,0.49
563,W0.5Gd0.5B11.6,29.06725577,31.236988,32.19326,34.598732,0.6136407,23.642374,0.98
564,W0.5Gd0.5B11.6,28.5886107,28.113132,28.662537,31.53763,0.7334422,29.251024,1.96
565,W0.5Gd0.5B11.6,27.02503682,26.77758,27.514595,29.850794,0.5959691,23.768343,2.94
566,W0.5Ho0.5B11.6,27.02666667,25.943027,26.252106,28.458044,0.5627394,20.615032,4.9
567,W0.5Ho0.5B11.6,36.82666667,38.907154,36.263817,42.264297,1.5307348,56.075954,0.49
568,W0.5Ho0.5B11.6,33.42666667,32.047024,32.117786,34.14274,0.5165694,19.902405,0.98
569,W0.5Ho0.5B11.6,28.99333333,29.440094,28.69714,31.375637,0.6832901,25.031212,1.96
570,W0.5Ho0.5B11.6,28.09333333,27.823563,27.717958,29.362131,0.4194318,16.727713,2.94
571,W0.5Nb0.5B2.1,36.21106122,35.48804,32.841923,37.72163,1.2448232,48.636,0.49
572,W0.5Nb0.5B2.1,32.2766464,32.48058,29.71746,33.58804,0.98739254,38.042297,0.98
573,W0.5Nb0.5B2.1,30.21467078,28.696344,26.658287,30.093527,0.8763367,34.23901,1.96
574,W0.5Nb0.5B2.1,27.22830188,27.791265,25.756351,28.666721,0.7424413,28.604807,2.94
575,W0.5Nb0.5B2.1,26.06696989,24.859861,23.618744,26.097729,0.6323941,25.344105,4.9
576,W0.5Pt0.5,0.85,3.091731,4.4799438,6.2938156,0.4627224,16.951075,9.8
577,W0.5Sc0.5B11.6,42.67955647,41.36662,39.083225,43.514496,1.1304262,45.083477,0.49
578,W0.5Sc0.5B11.6,34.73389654,35.12988,34.27046,36.240547,0.5025737,20.141367,0.98
579,W0.5Sc0.5B11.6,32.29983875,32.11627,30.847343,32.49689,0.42080295,15.415425,1.96
580,W0.5Sc0.5B11.6,30.70508709,30.160152,29.431995,30.832642,0.3573077,14.250089,2.94
581,W0.5Sc0.5B11.6,28.15914273,28.243195,28.164814,29.180477,0.25909773,9.49162,4.9
582,W0.5Ta0.5B,42.8,37.208958,29.929333,36.89634,1.7772976,71.22777,0.49
583,W0.5Ta0.5B,34.0,32.845894,27.709036,32.69069,1.2708299,50.683037,0.98
584,W0.5Ta0.5B,21.0,24.273146,20.763817,24.680208,0.9990794,40.039547,4.9
585,W0.5Ta0.5B2.1,32.21626605,35.04197,32.887386,39.073082,1.5779835,63.239964,0.49
586,W0.5Ta0.5B2.1,28.5809234,29.737242,30.543097,34.53997,1.0196106,39.83681,0.98
587,W0.5Ta0.5B2.1,27.90509903,26.49623,25.591385,29.551203,1.0101576,37.005463,1.96
588,W0.5Ta0.5B2.1,25.90099987,24.971992,24.597588,27.699085,0.7911984,28.984253,2.94
589,W0.5Ta0.5B2.1,23.66386593,23.422438,24.070322,26.127264,0.5247301,20.501524,4.9
590,W0.5Tb0.5B11.6,24.97814208,25.492008,25.529718,27.688501,0.5507099,21.963324,4.9
591,W0.5Tb0.5B11.6,36.67213115,37.657135,35.387287,42.018906,1.6917393,61.97409,0.49
592,W0.5Tb0.5B11.6,32.32786885,31.384863,31.233538,34.05184,0.7189551,28.673252,0.98
593,W0.5Tb0.5B11.6,28.39344262,28.915356,27.495705,29.233006,0.443189,17.761438,1.96
594,W0.5Tb0.5B11.6,27.21857923,27.012552,26.399761,29.071722,0.6816226,26.631413,2.94
595,W0.5Y0.5B11.6,28.92852563,27.475254,28.02402,29.12651,0.2812478,10.988523,4.9
596,W0.5Y0.5B11.6,39.96680415,40.647274,38.95555,42.970894,1.0243222,40.851852,0.49
597,W0.5Y0.5B11.6,34.46466469,34.054874,34.21045,36.59609,0.6085814,23.777647,0.98
598,W0.5Y0.5B11.6,30.55879971,31.288822,31.046108,32.412052,0.34845507,13.614352,1.96
599,W0.5Y0.5B11.6,29.30213011,29.68446,29.25798,30.244865,0.2517564,9.222682,2.94
600,W0.6Nb0.4B2.1,36.00342752,36.855072,33.087643,38.237816,1.3138196,51.331734,0.49
601,W0.6Nb0.4B2.1,33.01710713,33.150787,29.548529,34.58832,1.2856615,51.274544,0.98
602,W0.6Nb0.4B2.1,30.22034741,29.673683,26.428444,30.921894,1.1462883,45.716084,1.96
603,W0.6Nb0.4B2.1,28.32423132,28.461077,25.99119,28.5655,0.6567118,26.318674,2.94
604,W0.6Nb0.4B2.1,25.88303733,25.673967,24.06251,27.16554,0.79158956,31.724094,4.9
605,W0.75Sc0.25B11.6,41.91300677,41.07654,39.11241,42.982807,0.9873458,39.377167,0.49
606,W0.75Sc0.25B11.6,34.52687623,34.57522,34.272465,36.162052,0.4820376,17.658655,0.98
607,W0.75Sc0.25B11.6,32.7083273,31.671585,30.733019,32.273697,0.3930301,14.398012,1.96
608,W0.75Sc0.25B11.6,30.69393464,30.161139,29.387281,30.42475,0.26466018,9.695391,2.94
609,W0.75Sc0.25B11.6,28.20394564,28.161049,28.102398,28.97817,0.22341134,8.184307,4.9
610,W0.7Os0.3,17.04,11.668564,7.3913984,13.855423,1.6489859,65.76459,0.49
611,W0.88Ta0.02Cr0.1B4,49.9,50.818687,42.825554,49.57337,1.7213821,67.25545,0.49
612,W0.88Ta0.02Cr0.1B4,43.0,41.880695,37.69308,42.887993,1.3252326,53.11061,0.98
613,W0.88Ta0.02Cr0.1B4,37.8,36.52186,33.947712,37.027073,0.78555125,31.4821,1.96
614,W0.88Ta0.02Cr0.1B4,34.5,34.197327,32.0644,35.122498,0.780127,28.57867,2.94
615,W0.88Ta0.02Cr0.1B4,30.8,32.586563,30.627068,34.041443,0.8710141,33.558464,4.9
616,W0.88Ta0.02Mn0.1B4,47.2,47.921017,42.612446,49.05992,1.6447641,60.25323,0.49
617,W0.88Ta0.02Mn0.1B4,36.9,39.876835,37.556797,43.146904,1.4260477,57.150917,0.98
618,W0.88Ta0.02Mn0.1B4,33.1,34.685677,33.813583,37.234936,0.872794,34.978477,1.96
619,W0.88Ta0.02Mn0.1B4,31.5,32.43426,32.5428,35.27175,0.69616085,27.89965,2.94
620,W0.88Ta0.02Mn0.1B4,30.4,28.826359,30.81864,32.80261,0.5061145,20.184776,4.9
621,W0.8Dy0.2B11.6,26.95609756,27.887556,27.017277,29.049507,0.5184261,20.776674,4.9
622,W0.8Dy0.2B11.6,41.74146341,40.629097,36.850563,41.837364,1.2721431,49.703407,0.49
623,W0.8Dy0.2B11.6,33.71707317,34.267242,32.361076,34.789627,0.61952823,24.707926,0.98
624,W0.8Dy0.2B11.6,30.33658537,30.943762,29.256039,31.725122,0.6298683,24.60934,1.96
625,W0.8Dy0.2B11.6,28.8,29.547009,28.043905,29.676542,0.41648903,16.61035,2.94
626,W0.8Er0.2B11.6,27.01766784,28.133007,27.63404,29.438242,0.46025538,18.445398,4.9
627,W0.8Er0.2B11.6,38.58814291,41.005573,37.430733,42.465466,1.2843705,50.18114,0.49
628,W0.8Er0.2B11.6,35.23517864,34.08735,33.356075,36.25987,0.7407636,29.68717,0.98
629,W0.8Er0.2B11.6,31.03023165,31.403057,30.086798,32.097717,0.5129897,18.792536,1.96
630,W0.8Er0.2B11.6,30.61798194,29.634697,28.876484,30.478617,0.40870735,16.300001,2.94
631,W0.8Gd0.2B11.6,28.04614629,26.870739,27.45768,28.380016,0.23528995,9.4295845,4.9
632,W0.8Gd0.2B11.6,38.35297005,40.85007,38.621094,42.271824,0.9313087,37.142303,0.49
633,W0.8Gd0.2B11.6,32.76877761,33.901096,33.73368,35.27279,0.39262965,15.340281,0.98
634,W0.8Gd0.2B11.6,30.72655866,30.754265,30.093369,31.504578,0.3600023,14.357554,1.96
635,W0.8Gd0.2B11.6,29.45017182,29.20709,29.252378,30.157312,0.23085049,9.019469,2.94
636,W0.8Ho0.2B11.6,30.19333333,28.724306,27.41089,29.591688,0.5563259,22.187302,4.9
637,W0.8Ho0.2B11.6,43.02666667,41.834446,38.18902,42.975803,1.2211187,48.70046,0.49
638,W0.8Ho0.2B11.6,36.29333333,35.691463,32.68861,36.094864,0.86894226,31.832273,0.98
639,W0.8Ho0.2B11.6,33.36,32.665874,30.074522,32.510017,0.6212998,23.937462,1.96
640,W0.8Ho0.2B11.6,31.32666667,31.1987,28.491117,31.073215,0.65869844,25.73575,2.94
641,W0.8Nb0.2B2.1,37.12878326,36.824673,32.45461,38.084396,1.4361702,55.33282,0.49
642,W0.8Nb0.2B2.1,33.21809384,32.427326,30.290821,33.28386,0.76353014,27.970673,0.98
643,W0.8Nb0.2B2.1,29.61551935,29.594015,27.143642,29.475008,0.5947361,23.834908,1.96
644,W0.8Nb0.2B2.1,27.31650799,28.2034,25.735083,28.862564,0.7978269,30.738705,2.94
645,W0.8Nb0.2B2.1,24.94636894,25.938366,24.234404,26.776653,0.64853305,24.986706,4.9
646,W0.8Sc0.2B11.6,39.25845882,41.77873,39.45841,43.21192,0.9575289,37.41124,0.49
647,W0.8Sc0.2B11.6,34.78205484,33.86893,34.26956,36.71886,0.6248211,25.040607,0.98
648,W0.8Sc0.2B11.6,32.37597472,31.197542,30.708714,32.155495,0.36907682,13.520523,1.96
649,W0.8Sc0.2B11.6,30.0818053,30.376305,29.695915,30.886744,0.30378273,11.868977,2.94
650,W0.8Sc0.2B11.6,27.78763589,28.060165,28.076693,29.58966,0.38596123,15.392844,4.9
651,W0.8Ta0.2B2.1,34.59975148,36.57123,32.385944,37.392124,1.2770866,50.932564,0.49
652,W0.8Ta0.2B2.1,31.54699579,31.097595,29.549677,32.557564,0.76731807,29.56326,0.98
653,W0.8Ta0.2B2.1,29.49626618,28.05966,26.994886,28.615473,0.4134149,16.5682,1.96
654,W0.8Ta0.2B2.1,27.23585225,27.006178,25.63153,27.573582,0.49542114,19.758307,2.94
655,W0.8Ta0.2B2.1,24.88217742,24.201744,24.301748,25.776146,0.37612185,15.073626,4.9
656,W0.8Tb0.2B11.6,26.69945355,27.115587,26.299452,28.631302,0.5948597,23.83986,4.9
657,W0.8Tb0.2B11.6,42.30054645,39.448765,35.833195,41.954765,1.5616251,61.013645,0.49
658,W0.8Tb0.2B11.6,32.32786885,33.54344,31.489119,34.544613,0.7794628,31.238096,0.98
659,W0.8Tb0.2B11.6,29.15846995,29.896423,28.456875,31.809263,0.8552011,33.41323,1.96
660,W0.8Tb0.2B11.6,28.14754098,28.225792,27.305937,30.162024,0.7285935,28.466593,2.94
661,W0.8Y0.2B11.6,27.64738769,27.255322,27.928442,28.556192,0.16014041,5.866481,4.9
662,W0.8Y0.2B11.6,38.65173773,40.58365,39.02383,43.355167,1.1049329,42.570896,0.49
663,W0.8Y0.2B11.6,32.87785036,33.959064,34.30696,36.224014,0.4890442,19.107254,0.98
664,W0.8Y0.2B11.6,31.21357668,30.562511,30.448938,32.194695,0.44534594,17.761215,1.96
665,W0.8Y0.2B11.6,29.31159025,29.289728,29.65158,30.577892,0.23630394,9.232539,2.94
666,W0.93Ta0.02Cr0.05B4,57.3,50.972416,41.818596,50.768547,2.2831507,87.96532,0.49
667,W0.93Ta0.02Cr0.05B4,44.1,45.12369,38.67144,45.705597,1.7944278,65.735916,0.98
668,W0.93Ta0.02Cr0.05B4,38.2,38.676956,34.56904,39.129543,1.1633941,46.6247,1.96
669,W0.93Ta0.02Cr0.05B4,34.8,36.748447,34.13831,37.942074,0.970348,38.699265,2.94
670,W0.93Ta0.02Cr0.05B4,31.7,34.57091,32.7752,36.3505,0.91206586,36.374866,4.9
671,W0.94Ta0.02Mn0.04B4,55.8,50.28851,41.68413,50.032787,2.129759,82.055435,0.49
672,W0.94Ta0.02Mn0.04B4,46.7,41.612217,37.357635,42.496643,1.3109713,50.50915,0.98
673,W0.94Ta0.02Mn0.04B4,37.0,38.9614,34.483345,40.08093,1.427955,55.791073,1.96
674,W0.94Ta0.02Mn0.04B4,34.8,36.30899,32.97484,36.84828,0.98812336,38.606583,2.94
675,W0.94Ta0.02Mn0.04B4,30.9,33.539886,32.468155,36.78045,1.100075,43.873016,4.9
676,W0.94Ta0.06B2.1,35.7105193,32.74429,31.816914,35.95215,1.0549068,41.215855,0.49
677,W0.94Ta0.06B2.1,29.86134618,31.133236,29.820843,31.639017,0.46381998,18.588255,0.98
678,W0.94Ta0.06B2.1,27.36785048,27.406664,26.006605,28.067364,0.5257037,20.966032,1.96
679,W0.94Ta0.06B2.1,26.10946264,25.748144,24.889788,26.529333,0.41825137,16.680634,2.94
680,W0.94Ta0.06B2.1,24.26846434,24.072914,23.44266,24.516026,0.2738179,10.9203615,4.9
681,W0.9Cr0.1B4,53.5,49.05963,41.439762,49.528427,2.0634348,79.5001,0.49
682,W0.9Cr0.1B4,32.4,33.482212,31.903376,34.346382,0.6232159,24.854998,4.9
683,W0.9Dy0.1B11.6,27.05853659,26.780333,26.976435,29.486595,0.64034706,24.671316,4.9
684,W0.9Dy0.1B11.6,41.05853659,40.749393,38.034992,43.28938,1.3404047,53.457806,0.49
685,W0.9Dy0.1B11.6,33.30731707,33.582302,33.017952,36.10093,0.7864738,30.301292,0.98
686,W0.9Dy0.1B11.6,29.89268293,30.426788,29.748451,32.560402,0.71733433,27.637484,1.96
687,W0.9Dy0.1B11.6,27.87804878,28.900154,28.162136,30.530722,0.604231,24.097843,2.94
688,W0.9Er0.1B11.6,28.17196702,29.423826,27.60497,30.29112,0.68524224,25.102724,4.9
689,W0.9Er0.1B11.6,45.87122104,41.484314,37.549763,43.176178,1.43531,56.078438,0.49
690,W0.9Er0.1B11.6,34.3557126,36.647797,33.677612,37.31326,0.9274609,33.97601,0.98
691,W0.9Er0.1B11.6,32.48684727,31.875416,29.969711,32.711525,0.69944227,27.327637,1.96
692,W0.9Er0.1B11.6,31.46996466,31.33552,28.997215,31.635607,0.67305905,24.656412,2.94
693,W0.9Gd0.1B11.6,30.05645557,28.587046,27.634745,29.621134,0.5067319,20.308014,4.9
694,W0.9Gd0.1B11.6,44.03289151,42.406425,38.27183,43.262913,1.273235,51.02673,0.49
695,W0.9Gd0.1B11.6,35.83210604,35.30316,33.63065,36.429897,0.7140938,28.61834,0.98
696,W0.9Gd0.1B11.6,31.84339715,32.86882,30.287266,32.778835,0.63560444,23.284325,1.96
697,W0.9Gd0.1B11.6,31.55621011,30.886396,29.173647,31.423723,0.57399905,22.892138,2.94
698,W0.9Ho0.1B11.6,29.42666667,29.15416,27.454603,30.289484,0.7231839,27.862856,4.9
699,W0.9Ho0.1B11.6,43.06,42.238686,37.250378,43.412766,1.5720377,61.42047,0.49
700,W0.9Ho0.1B11.6,35.36,35.477352,32.34864,36.80128,1.1358776,44.379433,0.98
701,W0.9Ho0.1B11.6,33.72666667,32.40008,29.844875,33.029236,0.81233686,31.738497,1.96
702,W0.9Ho0.1B11.6,32.12666667,30.972551,28.891151,31.60522,0.69236463,25.363642,2.94
703,W0.9Nb0.1B2.1,37.11075874,35.948067,32.363205,37.18884,1.231029,47.429134,0.49
704,W0.9Nb0.1B2.1,32.10979226,32.578953,29.792389,32.986942,0.81493706,32.50119,0.98
705,W0.9Nb0.1B2.1,29.38416024,29.33928,27.010801,29.856771,0.72601277,28.36576,1.96
706,W0.9Nb0.1B2.1,28.03321906,27.493961,25.557869,27.323141,0.4503245,17.95977,2.94
707,W0.9Nb0.1B2.1,25.63940312,25.88349,24.466928,26.08153,0.41188803,15.088841,4.9
708,W0.9Sc0.1B11.6,43.09813533,42.9356,39.465984,44.53072,1.2920244,47.331192,0.49
709,W0.9Sc0.1B11.6,36.29956011,36.067154,34.280792,37.26007,0.76002,30.310997,0.98
710,W0.9Sc0.1B11.6,34.08932372,32.573444,30.814873,33.11523,0.58682597,22.609253,1.96
711,W0.9Sc0.1B11.6,30.73200263,30.926119,29.649847,31.579792,0.4923329,19.635141,2.94
712,W0.9Sc0.1B11.6,28.35390018,29.046663,28.18222,30.184647,0.510823,20.47197,4.9
713,W0.9Ta0.1B2.1,34.92040922,32.52718,32.36529,36.86918,1.1489508,44.89021,0.49
714,W0.9Ta0.1B2.1,28.81489784,30.881624,30.329473,31.89392,0.39909372,15.994257,0.98
715,W0.9Ta0.1B2.1,27.3234987,27.448528,26.021008,27.81387,0.45736274,16.754732,1.96
716,W0.9Ta0.1B2.1,26.55446042,26.190775,25.203457,26.453661,0.3189296,12.460774,2.94
717,W0.9Ta0.1B2.1,24.50377779,24.205547,23.751585,25.008335,0.3205995,11.744637,4.9
718,W0.9Tb0.1B11.6,26.50819672,28.07867,26.947088,29.410522,0.6284271,25.062828,4.9
719,W0.9Tb0.1B11.6,42.6010929,41.564075,36.74182,41.441628,1.1989301,48.048855,0.49
720,W0.9Tb0.1B11.6,35.60655738,34.01038,30.960339,36.206535,1.3383155,52.288803,0.98
721,W0.9Tb0.1B11.6,30.22404372,31.47505,29.289385,32.322308,0.77370477,30.85677,1.96
722,W0.9Tb0.1B11.6,28.44808743,29.337904,27.667326,29.904669,0.5707507,22.87366,2.94
723,W0.9Y0.1B11.6,29.74501412,29.51995,28.20292,29.90864,0.43513238,17.000887,4.9
724,W0.9Y0.1B11.6,43.77216402,43.23924,39.360455,43.813377,1.1359497,41.61365,0.49
725,W0.9Y0.1B11.6,37.01331939,36.287693,34.28669,36.931393,0.6746691,24.715395,0.98
726,W0.9Y0.1B11.6,33.44709484,33.18759,30.728224,33.093113,0.60328805,22.100468,1.96
727,W0.9Y0.1B11.6,31.3752882,31.818306,29.766096,31.696451,0.4924375,19.239834,2.94
728,W2B,23.73,22.347103,15.722105,25.999979,2.6219065,102.43948,0.49
729,W2B5,26.12,32.859123,31.179127,35.867863,1.1961061,46.083622,0.29
730,W2C,24.0,24.09589,14.560315,24.578907,2.5557632,102.425896,0.49
731,W2C,20.5,19.866549,14.956218,20.611506,1.4426755,57.536552,0.98
732,WB,36.28,33.28743,27.617725,33.269554,1.441793,57.501354,0.49
733,WB11.6,41.2583195,39.611687,37.500504,42.672234,1.3193189,51.546593,0.49
734,WB11.6,34.06805683,33.962482,33.33684,36.62433,0.8386446,33.609894,0.98
735,WB11.6,30.71075987,30.975727,30.741589,32.508984,0.45086607,17.981369,1.96
736,WB11.6,29.25589659,28.735352,28.65938,30.50856,0.47172964,18.905245,2.94
737,WB11.6,26.40217366,27.84056,28.336746,29.615997,0.32633957,13.015022,4.9
738,WB2,26.09,32.09966,31.08932,36.43565,1.3638598,54.65865,0.29
739,WB2.1,29.50839113,31.791697,29.401928,36.373016,1.7783388,65.14652,0.49
740,WB2.1,25.92951778,26.56689,27.761648,29.890615,0.5431039,21.65998,0.98
741,WB2.1,24.69705809,24.0545,23.770073,25.975204,0.56253356,21.673315,1.96
742,WB2.1,23.20388577,22.158806,23.702503,24.810545,0.2826637,11.273149,2.94
743,WB2.1,21.94770066,20.674147,22.481306,22.977798,0.12665622,5.051283,4.9
744,WB4,40.39,46.000652,40.064762,49.172077,2.3232946,93.10938,0.49
745,WB4,38.0,36.502384,34.851814,40.519516,1.4458423,56.48994,0.98
746,WB4,32.9,30.717432,33.283016,36.177208,0.7383142,29.44533,1.96
747,WB4,28.1,26.507643,30.8277,32.9137,0.53214294,21.22284,4.9
748,WC,25.6,20.113766,16.786568,19.440834,0.67710876,26.087671,9.8
749,Y0.05Sc0.95CrB4,31.6298633,33.101727,28.0362,33.094177,1.2903004,51.710648,0.49
750,Y0.05Sc0.95CrB4,29.94742376,31.09313,28.20052,32.232758,1.0286322,41.023743,0.98
751,Y0.05Sc0.95CrB4,28.15983176,26.417871,24.701193,28.925919,1.0777361,41.52306,1.96
752,Y0.05Sc0.95CrB4,25.8254469,25.47508,24.229012,26.674837,0.6239351,25.0051,2.94
753,Y0.05Sc0.95CrB4,23.53312303,23.222591,22.789022,25.83584,0.7772494,30.998137,4.9
754,Y0.05Sc1.95ReB6,35.34134522,35.657055,32.655823,37.32912,1.1921678,46.57872,0.49
755,Y0.05Sc1.95ReB6,32.4633275,30.902388,28.76289,31.427786,0.6798204,26.192146,0.98
756,Y0.05Sc1.95ReB6,25.15574539,26.198143,24.765623,26.589754,0.46533954,17.92862,1.96
757,Y0.05Sc1.95ReB6,22.97844042,23.945938,24.535263,26.479801,0.49605563,19.880146,2.94
758,Y0.05Sc1.95ReB6,22.52797085,21.131765,21.436075,23.612162,0.5551241,21.689037,4.9
759,Y0.1Ce0.8Sm0.1O1.9,8.34,6.6228757,5.5577326,7.548671,0.5078924,19.843664,9.8
760,Y0.25Hf0.25Gd0.5B20,37.6,38.31009,36.335934,42.756046,1.6377838,63.989212,0.49
761,Y0.25Hf0.25Gd0.5B20,30.9,31.328508,31.966938,36.299076,1.1051372,40.484886,0.98
762,Y0.25Hf0.25Gd0.5B20,27.1,29.362034,29.173498,33.3549,1.0666842,42.74891,1.96
763,Y0.25Hf0.25Gd0.5B20,25.7,27.59274,27.820263,31.384409,0.90922093,36.43834,2.98
764,Y0.25Hf0.25Gd0.5B20,25.4,25.025152,26.062616,29.599215,0.9021934,35.24925,4.9
765,Y0.25Hf0.5Gd0.25B20,43.2,42.77298,37.400387,42.096603,1.1980144,48.012154,0.49
766,Y0.25Hf0.5Gd0.25B20,35.9,35.760918,33.311012,37.002155,0.9416181,36.278698,0.98
767,Y0.25Hf0.5Gd0.25B20,33.3,32.79727,29.945736,33.9075,1.0106544,38.938534,1.96
768,Y0.25Hf0.5Gd0.25B20,31.8,30.771753,28.802975,31.280733,0.6320812,25.331566,2.98
769,Y0.25Hf0.5Gd0.25B20,28.6,30.071014,27.860907,30.526539,0.68000823,27.11998,4.9
770,Y0.25Hf0.75B20,44.1,42.48724,38.864002,42.762264,0.99445456,36.43021,0.49
771,Y0.25Hf0.75B20,36.5,36.663963,34.24678,37.53437,0.8386709,33.44774,0.98
772,Y0.25Hf0.75B20,34.6,33.37353,30.823145,33.653282,0.7219738,26.448324,1.96
773,Y0.25Hf0.75B20,31.9,32.115154,29.471157,32.38501,0.74332976,29.790012,2.98
774,Y0.25Hf0.75B20,30.8,30.16428,28.38962,30.87181,0.633212,23.19668,4.9
775,Y0.25Sc0.75CrB4,35.35226078,34.11993,30.502382,34.870728,1.1143738,43.539265,0.49
776,Y0.25Sc0.75CrB4,32.0084122,31.867033,27.545588,32.080647,1.1569028,46.364548,0.98
777,Y0.25Sc0.75CrB4,27.59200841,27.59317,25.152931,29.818743,1.190258,45.858307,1.96
778,Y0.25Sc0.75CrB4,26.14090431,25.380598,24.88908,27.467278,0.6577034,26.230421,2.94
779,Y0.25Sc0.75CrB4,23.11251314,23.721613,23.67525,26.713207,0.7749893,28.390461,4.9
780,Y0.25Sc1.75ReB6,35.59409986,36.49353,33.807648,38.314476,1.1497011,45.852196,0.49
781,Y0.25Sc1.75ReB6,32.39077837,31.677837,29.67081,32.309494,0.6731335,26.299736,0.98
782,Y0.25Sc1.75ReB6,27.11027396,27.493391,26.248493,28.98049,0.69693786,27.93079,1.96
783,Y0.25Sc1.75ReB6,24.65771741,24.281406,24.514303,26.420475,0.4862683,18.734964,2.94
784,Y0.25Sc1.75ReB6,23.08107391,22.65571,23.30383,24.554884,0.3191466,11.691412,4.9
785,Y0.25Zr0.75B12,43.88793167,44.30997,38.801086,44.352955,1.4162929,51.883564,0.49
786,Y0.25Zr0.75B12,36.39841791,37.39099,34.655155,37.652695,0.7646784,28.01274,0.98
787,Y0.25Zr0.75B12,34.17780736,34.26835,31.014675,34.476887,0.8832172,35.224327,1.96
788,Y0.25Zr0.75B12,32.84544103,32.719433,30.055592,32.942398,0.7364302,29.513504,2.94
789,Y0.25Zr0.75B12,30.38258206,30.69424,28.678055,30.919847,0.5718859,22.919151,4.9
790,Y0.25Zr0.75B12,45.71772802,43.60299,38.39784,43.456657,1.290515,50.421207,0.49
791,Y0.2Zr0.8O1.92,12.83,13.692044,8.903496,13.055838,1.0592709,42.24567,9.81
792,Y0.5Ce0.5O1.75,7.4985,7.2519054,5.60038,7.9265146,0.5934017,23.781427,9.8
793,Y0.5Hf0.25Gd0.25B20,43.2,42.37923,36.951153,42.304405,1.3656256,54.729416,0.49
794,Y0.5Hf0.25Gd0.25B20,37.4,36.420883,33.14104,36.676834,0.9019881,34.75183,0.98
795,Y0.5Hf0.25Gd0.25B20,33.8,33.114315,29.660908,32.82154,0.80628395,31.502007,1.96
796,Y0.5Hf0.25Gd0.25B20,31.9,31.66178,28.475473,31.666735,0.8140972,32.62612,2.98
797,Y0.5Hf0.25Gd0.25B20,30.8,29.70803,27.136057,30.142632,0.76698333,29.966507,4.9
798,Y0.5Sc0.5CrB4,42.01892744,35.568985,29.710253,35.440327,1.4617535,58.58188,0.49
799,Y0.5Sc0.5CrB4,35.37329127,33.858128,28.573376,31.929651,0.8561927,33.451973,0.98
800,Y0.5Sc0.5CrB4,28.89589905,29.900188,26.247059,31.192083,1.2614858,46.212463,1.96
801,Y0.5Sc0.5CrB4,26.16193481,26.924702,25.41704,27.812384,0.6110571,24.488995,2.94
802,Y0.5Sc0.5CrB4,24.16403785,24.603786,23.492496,26.358437,0.7311072,29.300175,4.9
803,Y0.5Sc1.5ReB6,36.7985002,37.385143,33.823112,38.567444,1.2102886,48.504063,0.49
804,Y0.5Sc1.5ReB6,33.87043031,32.48794,30.263592,32.639942,0.60621184,23.685066,0.98
805,Y0.5Sc1.5ReB6,27.23851718,27.821192,26.28883,28.641035,0.60005236,23.444412,1.96
806,Y0.5Sc1.5ReB6,25.31152615,25.48325,25.439299,27.073296,0.41683596,16.705303,2.94
807,Y0.5Sc1.5ReB6,23.48462178,23.701376,23.338745,24.98298,0.41944784,16.728352,4.9
808,Y0.5Zr0.5B12,38.40990058,38.09098,34.340027,38.436638,1.0450538,41.67867,0.98
809,Y0.5Zr0.5B12,35.32123318,35.079174,31.306358,34.994175,0.94076955,36.246006,1.96
810,Y0.5Zr0.5B12,33.88790928,33.284657,30.23226,32.797367,0.6543641,25.566404,2.94
811,Y0.5Zr0.5B12,31.66729873,31.507614,28.732908,31.318521,0.6595952,26.434229,4.9
812,Y0.5Zr0.5B12,43.26778151,45.390755,38.604977,45.24294,1.6933577,67.53422,0.49
813,Y0.75Sc0.25CrB4,39.6214511,34.954906,29.797573,35.646816,1.4921539,59.80022,0.49
814,Y0.75Sc0.25CrB4,33.05993691,33.150784,28.627066,32.060993,0.8760019,34.22593,0.98
815,Y0.75Sc0.25CrB4,27.97055731,28.476881,26.2837,30.34272,1.035464,39.894398,1.96
816,Y0.75Sc0.25CrB4,25.90956887,25.60213,25.125237,28.154764,0.77283865,30.822227,2.94
817,Y0.75Sc0.25CrB4,22.98633018,24.023243,23.94586,27.795324,0.9820062,35.974186,4.9
818,Y0.75Sc1.25ReB6,37.65249996,38.20676,33.979214,39.51237,1.4115196,56.568687,0.49
819,Y0.75Sc1.25ReB6,33.94863904,33.79171,30.646269,34.61823,1.0132551,40.607662,0.98
820,Y0.75Sc1.25ReB6,28.51799579,29.167614,26.631575,30.336123,0.9450377,36.9232,1.96
821,Y0.75Sc1.25ReB6,26.390743,26.33155,25.716478,27.50489,0.45622757,18.283978,2.94
822,Y0.75Sc1.25ReB6,24.81411719,24.479414,23.478449,25.742426,0.57754517,23.033564,4.9
823,Y0.75Zr0.25B12,35.75808038,37.167316,34.35322,37.50169,0.8031806,31.380754,0.98
824,Y0.75Zr0.25B12,34.36515194,33.901855,31.212296,34.0927,0.7347973,28.310299,1.96
825,Y0.75Zr0.25B12,31.98304244,31.954504,29.57286,32.17597,0.664058,25.584852,2.94
826,Y0.75Zr0.25B12,30.89292454,30.790365,28.702621,30.727617,0.5165806,20.183119,4.9
827,Y0.95Sc0.05CrB4,38.44374343,37.309525,32.44771,36.689373,1.0820574,43.154438,0.49
828,Y0.95Sc0.05CrB4,32.49211356,33.095783,28.525414,31.598463,0.7839412,30.62906,0.98
829,Y0.95Sc0.05CrB4,27.54994742,28.65793,25.719482,29.535797,0.97354966,38.037178,1.96
830,Y0.95Sc0.05CrB4,26.47739222,26.132029,24.897179,28.012747,0.79478776,31.052843,2.94
831,Y0.95Sc0.05CrB4,23.02839117,23.837183,23.87493,26.772161,0.7390898,28.47568,4.9
832,Y1.25Sc0.75ReB6,40.26147397,39.493027,34.1517,39.951748,1.4796042,57.80904,0.49
833,Y1.25Sc0.75ReB6,33.9048655,34.88744,30.930447,34.80729,0.9889904,39.442757,0.98
834,Y1.25Sc0.75ReB6,29.62538689,29.889956,26.83063,29.916786,0.7872849,31.551579,1.96
835,Y1.25Sc0.75ReB6,26.8474912,27.326883,25.54004,27.321468,0.45444623,18.212587,2.94
836,Y1.25Sc0.75ReB6,25.19576944,24.78406,23.02618,25.461231,0.62118644,24.270132,4.9
837,Y1.5Sc0.5ReB6,38.53778674,38.331493,33.77152,39.19354,1.3831683,53.290764,0.49
838,Y1.5Sc0.5ReB6,34.15822147,33.543694,29.971725,33.606335,0.9271962,35.72305,0.98
839,Y1.5Sc0.5ReB6,28.7526043,28.713732,26.418884,29.372494,0.7534718,30.196468,1.96
840,Y1.5Sc0.5ReB6,25.52422136,26.08969,24.587345,26.983038,0.6111461,23.54626,2.94
841,Y1.5Sc0.5ReB6,23.42201235,24.175257,22.870972,25.197344,0.5934623,23.186934,4.9
842,Y1.75Sc0.25ReB6,35.48773456,37.578445,33.656925,38.45024,1.2227846,47.77494,0.49
843,Y1.75Sc0.25ReB6,33.63580411,32.29678,30.462011,33.589535,0.7978376,31.819231,0.98
844,Y1.75Sc0.25ReB6,27.17907359,27.613834,25.826805,28.370373,0.6488693,24.99966,1.96
845,Y1.75Sc0.25ReB6,25.57740401,25.054874,24.335373,26.59477,0.5763769,21.114622,2.94
846,Y1.75Sc0.25ReB6,23.2249518,23.116796,22.669922,24.35548,0.42998937,17.232445,4.9
847,Y1.95Sc0.05ReB6,36.06584602,35.883324,33.061428,39.104416,1.5415785,56.473198,0.49
848,Y1.95Sc0.05ReB6,32.93758512,31.892624,29.663363,33.759747,1.0449959,38.281708,0.98
849,Y1.95Sc0.05ReB6,25.73007198,27.474607,26.028582,28.648193,0.66826826,26.10965,1.96
850,Y1.95Sc0.05ReB6,25.1044198,25.019566,24.605915,25.727833,0.2862035,11.182145,2.94
851,Y1.95Sc0.05ReB6,22.87711572,22.917118,22.472183,23.95073,0.37718013,14.736658,4.9
852,Y2Re0.5Cr0.5B6,28.13419913,27.930325,23.960083,34.57451,2.7077615,108.51745,0.49
853,Y2Re0.5Cr0.5B6,25.48268398,23.402578,22.433355,29.357899,1.7664651,70.449875,0.98
854,Y2Re0.5Cr0.5B6,21.37012987,20.170057,18.942415,26.769592,1.9967288,80.02179,1.96
855,Y2Re0.5Cr0.5B6,16.44588745,18.491877,19.256857,25.114725,1.4943541,58.385326,2.94
856,Y2Re0.5Cr0.5B6,14.93073593,16.65276,17.823997,22.596458,1.2174644,46.906517,4.9
857,Y2Re0.75Cr0.25B6,33.13961039,34.911633,31.800346,36.68281,1.2455269,47.98771,0.49
858,Y2Re0.75Cr0.25B6,30.21753247,30.879927,27.676537,31.638737,1.0107653,37.02773,0.98
859,Y2Re0.75Cr0.25B6,25.21212121,25.269192,23.119474,27.31516,1.0703281,39.209713,1.96
860,Y2Re0.75Cr0.25B6,23.83225108,22.47372,22.33374,25.52331,0.8136657,32.450485,2.94
861,Y2Re0.75Cr0.25B6,21.26190476,20.822487,20.99654,23.185137,0.55831546,21.813725,4.9
862,Y2Re0.95Cr0.05B6,38.28030303,38.211147,32.804234,38.342007,1.4126972,56.61588,0.49
863,Y2Re0.95Cr0.05B6,34.11363636,33.74763,29.384863,33.31923,1.0036649,38.66924,0.98
864,Y2Re0.95Cr0.05B6,29.40584416,28.560999,24.599665,28.32413,0.9501185,34.80603,1.96
865,Y2Re0.95Cr0.05B6,27.02489177,26.327566,24.291552,26.211218,0.48971078,19.133299,2.94
866,Y2Re0.95Cr0.05B6,24.26515152,24.788084,22.20158,24.716698,0.64161164,25.588652,4.9
867,Y2ReB6,35.69107373,36.205986,33.395046,38.254055,1.2395431,48.429703,0.49
868,Y2ReB6,32.46270848,31.7086,29.58406,33.002205,0.87197554,33.59551,0.98
869,Y2ReB6,25.48043013,26.981451,24.759699,27.718636,0.7548308,27.651985,1.96
870,Y2ReB6,25.10503882,24.575665,24.54056,25.76462,0.3122602,12.514278,2.94
871,Y2ReB6,23.1780301,22.414234,22.71936,24.28086,0.39834198,15.347335,4.9
872,Y3Al5O12,17.4,11.00334,7.6451473,13.054375,1.3799049,53.913727,4.9
873,Y5Si3,4.62,5.9156766,3.3710723,5.900921,0.6453695,25.864115,1.96
874,Y5Si4,3.59,4.521944,3.5452418,5.8607903,0.5907011,23.079052,1.96
875,Yb0.2Zr0.8O1.92,16.0,12.083615,7.311887,12.611395,1.3519154,52.820156,1.0
876,Yb0.5Lu0.5Al3,5.16,5.3137493,3.7927015,7.4327717,0.92858934,34.017345,0.98
877,YB12,40.83806381,40.276974,36.23,40.636467,1.1240988,43.919224,0.49
878,YB12,34.64052092,34.553947,33.865128,36.093533,0.56847066,22.671656,0.98
879,YB12,31.85466404,31.582077,30.465963,32.83757,0.60500175,24.128582,1.96
880,YB12,29.61386613,29.893824,29.647995,31.51325,0.47583044,18.590986,2.94
881,YB12,28.26131243,28.394377,28.558992,30.123232,0.39904067,14.618199,4.9
882,YB20,41.6,40.53535,37.173946,41.665424,1.1457852,45.918995,0.49
883,YB20,34.4,34.556053,33.417313,36.277042,0.7295229,29.236683,0.98
884,YB20,32.7,32.00631,30.391764,32.378117,0.5067227,18.562954,1.96
885,YB20,30.5,29.921324,28.666729,30.939405,0.57976437,22.337183,2.98
886,YB20,28.5,29.060534,28.230635,29.937592,0.43544817,15.951929,4.9
887,YbAl3,6.06,4.7737646,2.7364135,6.8308134,1.0444897,41.859432,0.02
888,YbB6,21.57,31.901274,30.207218,33.587067,0.8622062,33.219112,0.49
889,YC2,5.0,6.2933545,5.9223824,11.414577,1.4010699,56.1499,1.72
890,YCrB4,37.51412255,37.18747,29.622738,34.14427,1.1534525,45.066093,0.49
891,YCrB4,33.13676406,32.315884,27.810493,30.523254,0.69203085,27.038067,0.98
892,YCrB4,27.60217286,28.39733,25.754282,30.937141,1.322158,48.435085,1.96
893,YCrB4,26.29399676,25.768034,24.780342,27.625593,0.72582936,28.94741,2.94
894,YCrB4,24.23110368,23.151247,23.058325,25.946247,0.73671484,28.783897,4.9
895,YFe2,3.5,4.8209276,3.958817,5.5128207,0.3964295,15.488743,0.5
896,YMn2Si2,5.6,7.5451083,5.7873144,5.3756804,1e-04,0.0036633357,0.49
897,YRe0.25Cr0.75B4,39.38330065,36.213608,30.015917,38.6346,2.198644,88.11383,0.49
898,YRe0.25Cr0.75B4,32.99336355,34.391365,29.199974,34.611946,1.3806051,50.576202,0.98
899,YRe0.25Cr0.75B4,29.84870946,29.27739,26.102974,30.63177,1.1553049,45.138466,1.96
900,YRe0.25Cr0.75B4,26.17575348,27.145008,24.801186,29.292513,1.1457467,41.97255,2.94
901,YRe0.25Cr0.75B4,24.01221004,23.880304,22.547655,26.398462,0.98234874,39.36904,4.9
902,YRe0.5Cr0.5B4,42.51036182,40.745365,33.761024,38.966763,1.3279943,48.64889,0.49
903,YRe0.5Cr0.5B4,37.15184983,36.414288,30.333364,34.108055,0.9629313,37.099854,0.98
904,YRe0.5Cr0.5B4,31.08895675,31.231361,26.346552,28.833105,0.6343248,24.43929,1.96
905,YRe0.5Cr0.5B4,27.69273033,28.501074,24.875734,27.683708,0.71631986,27.598398,2.94
906,YRe0.5Cr0.5B4,26.05753163,25.505968,23.388067,26.345678,0.7544926,27.639597,4.9
907,YRe0.75Cr0.25B4,37.93928835,36.545147,33.506718,38.84486,1.361771,52.466366,0.49
908,YRe0.75Cr0.25B4,33.15941414,32.290783,29.575714,32.234123,0.67816556,27.178463,0.98
909,YRe0.75Cr0.25B4,28.05247447,27.398705,25.492825,28.074333,0.6585481,25.729877,1.96
910,YRe0.75Cr0.25B4,24.3040468,25.954878,25.002598,25.676195,0.17183605,6.853138,2.94
911,YRe0.75Cr0.25B4,21.41098647,23.927158,23.058092,24.040369,0.25058085,9.993626,4.9
912,YRe0.95Cr0.05B4,35.02711367,35.511055,32.07518,36.49027,1.1262981,45.13802,0.49
913,YRe0.95Cr0.05B4,31.1277426,31.08202,28.861591,31.400427,0.6476621,23.726038,0.98
914,YRe0.95Cr0.05B4,26.02082436,25.574326,24.694387,26.378529,0.42962784,17.134348,1.96
915,YRe0.95Cr0.05B4,23.58057279,23.409616,23.784895,24.834003,0.2676297,10.725647,2.94
916,YRe0.95Cr0.05B4,20.61201933,21.104195,21.946825,23.568968,0.41381192,15.943361,4.9
917,YReB4,34.27389669,35.327633,31.95905,36.722927,1.2152749,44.5196,0.49
918,YReB4,30.42486152,30.672337,28.711279,31.245207,0.64641017,23.680176,0.98
919,YReB4,25.77077347,25.20851,24.588692,26.93932,0.59964997,23.103336,1.96
920,YReB4,22.60096215,23.291716,23.725977,24.91078,0.30224565,12.11293,2.94
921,YReB4,20.5632263,20.423677,21.403343,22.44017,0.2644967,10.334048,4.9
922,YRh3B,7.5,6.590583,6.07114,8.618421,0.6498165,26.042334,2.94
923,YRh3B0.5C0.5,5.52,7.719389,5.643526,9.215671,0.9112613,35.10911,2.94
924,YRh3C,4.4,6.8266187,5.2126594,9.328291,1.049906,41.02047,2.94
925,YScReB6,41.30943917,39.227406,34.133953,40.35035,1.5858153,58.09374,0.49
926,YScReB6,35.7536478,34.63107,30.79695,35.03352,1.0807577,39.591785,0.98
927,YScReB6,31.39910861,29.676798,26.275057,30.037878,0.95990336,35.164482,1.96
928,YScReB6,28.2708477,27.937838,25.369091,27.720383,0.5998193,23.921898,2.94
929,YScReB6,25.66813463,25.883125,23.164055,26.400543,0.8256348,32.258053,4.9
930,YSi,4.4,4.849005,3.9239368,5.7910852,0.47631335,19.088945,1.96
931,YSi1.67,7.04,5.1030016,3.904119,5.100069,0.3050893,11.754492,1.96
932,ZnSe,1.0,5.428021,4.8242207,8.995955,1.064218,42.442974,0.49
933,ZnTe,0.98,0.96462995,0.047099356,2.2836602,0.5705512,20.901207,0.25
934,Zr0.04W0.96B4,48.86304808,49.720196,41.674973,50.588634,2.2738934,87.60865,0.49
935,Zr0.04W0.96B4,40.71027986,41.680767,38.416206,45.00157,1.6799401,61.541847,0.98
936,Zr0.04W0.96B4,36.38724424,36.787,34.696297,39.835606,1.3110482,52.287014,1.96
937,Zr0.04W0.96B4,35.22670266,34.89099,32.37236,36.934605,1.1638378,44.840385,2.94
938,Zr0.04W0.96B4,33.36983612,32.08632,31.306578,34.863945,0.9074916,36.369038,4.9
939,Zr0.06W0.94B4,50.72109847,50.20887,41.69234,50.473312,2.2400436,86.30449,0.49
940,Zr0.06W0.94B4,41.20465747,42.466736,38.040047,45.036938,1.7849212,69.73796,0.98
941,Zr0.06W0.94B4,36.91063538,37.642994,34.00701,39.260975,1.3402967,51.639004,1.96
942,Zr0.06W0.94B4,35.75011201,35.724216,32.828876,37.166386,1.1065074,43.23192,2.94
943,Zr0.06W0.94B4,34.44450273,33.318,31.126265,35.051083,1.001229,39.11863,4.9
944,Zr0.08W0.92B4,56.11876427,50.92867,42.437737,50.911575,2.1616936,86.63299,0.49
945,Zr0.08W0.92B4,43.78804635,45.14341,37.76908,45.242477,1.9064786,74.48728,0.98
946,Zr0.08W0.92B4,40.94468304,38.500347,33.91438,38.70855,1.2230027,49.013596,1.96
947,Zr0.08W0.92B4,37.28899525,38.020973,32.54025,37.43693,1.2491537,48.8052,2.94
948,Zr0.08W0.92B4,36.15744899,35.605713,30.751036,35.324947,1.1668142,45.588142,4.9
949,Zr0.10Pt0.90,3.63,2.1656103,1.8113816,3.1514838,0.3418628,12.523582,9.8
950,Zr0.1W0.9B4,45.96519104,46.019024,41.257984,49.72626,2.1602747,86.15573,0.49
951,Zr0.1W0.9B4,38.50872956,39.403683,36.960762,43.495842,1.6671122,65.13509,0.98
952,Zr0.1W0.9B4,35.4042626,34.865,33.21341,37.403496,1.0688995,42.83769,1.96
953,Zr0.1W0.9B4,33.08317943,33.880703,31.534767,35.827705,1.0951372,42.19349,2.94
954,Zr0.1W0.9B4,31.83561544,31.10265,30.069145,34.124607,1.0345566,40.420757,4.9
955,Zr0.25Hf0.25Gd0.5B20,42.4,43.640354,38.5001,44.43221,1.5132933,55.437016,0.49
956,Zr0.25Hf0.25Gd0.5B20,36.5,36.443913,33.724205,36.87085,0.8027154,32.16998,0.98
957,Zr0.25Hf0.25Gd0.5B20,33.7,33.294422,30.416424,33.573586,0.8053984,32.12077,1.96
958,Zr0.25Hf0.25Gd0.5B20,32.3,30.963001,28.548218,31.27308,0.6951181,26.781538,2.98
959,Zr0.25Hf0.25Gd0.5B20,30.2,29.951448,27.92593,30.658194,0.697006,26.854273,4.9
960,Zr0.25Hf0.25Y0.5B20,41.9,41.225986,39.35169,43.811066,1.1375962,43.829353,0.49
961,Zr0.25Hf0.25Y0.5B20,33.8,34.784843,34.32191,36.70322,0.6074769,24.227297,0.98
962,Zr0.25Hf0.25Y0.5B20,30.4,31.934519,30.959846,33.6325,0.6817993,24.976597,1.96
963,Zr0.25Hf0.25Y0.5B20,29.9,28.755169,28.922562,31.046972,0.54194146,20.879942,2.98
964,Zr0.25Hf0.25Y0.5B20,29.2,27.673258,28.318546,30.451075,0.5440123,20.959726,4.9
965,Zr0.25Hf0.5Gd0.25B20,41.9,41.673767,38.914055,43.962093,1.2877649,51.358433,0.49
966,Zr0.25Hf0.5Gd0.25B20,33.9,34.952347,34.004494,37.93783,1.0034026,39.203552,0.98
967,Zr0.25Hf0.5Gd0.25B20,31.5,31.979033,30.44007,33.854668,0.87107104,34.909428,1.96
968,Zr0.25Hf0.5Gd0.25B20,30.2,29.978004,28.72203,31.781466,0.78046805,28.591166,2.98
969,Zr0.25Hf0.5Gd0.25B20,28.1,28.832104,27.977573,31.123013,0.8024079,30.915203,4.9
970,Zr0.25Hf0.5Y0.25B20,44.2,42.291916,39.389095,43.90538,1.1521134,44.38867,0.49
971,Zr0.25Hf0.5Y0.25B20,35.5,36.2034,34.56647,37.510216,0.7509553,27.510014,0.98
972,Zr0.25Hf0.5Y0.25B20,33.0,33.17026,30.930304,33.774635,0.7255948,28.938057,1.96
973,Zr0.25Hf0.5Y0.25B20,31.9,30.288124,29.039576,31.723843,0.684762,26.382536,2.98
974,Zr0.25Hf0.5Y0.25B20,29.3,29.358498,28.432364,31.13288,0.6889071,26.542238,4.9
975,Zr0.25Y0.25Gd0.5B20,42.1,42.468307,37.66707,43.384933,1.458639,53.434845,0.49
976,Zr0.25Y0.25Gd0.5B20,36.0,34.359734,32.860935,35.891685,0.77315056,30.834667,0.98
977,Zr0.25Y0.25Gd0.5B20,32.9,32.394093,29.941788,33.086304,0.8021724,30.90613,1.96
978,Zr0.25Y0.25Gd0.5B20,31.1,29.778725,28.048384,30.901834,0.7279211,29.030834,2.98
979,Zr0.25Y0.25Gd0.5B20,29.3,29.643944,27.631691,29.96126,0.59427774,23.816538,4.9
980,Zr0.25Y0.5Gd0.25B20,41.1,41.478214,38.00982,43.139046,1.3084762,47.933876,0.49
981,Zr0.25Y0.5Gd0.25B20,33.5,34.646427,33.594852,36.347103,0.70210475,27.050718,0.98
982,Zr0.25Y0.5Gd0.25B20,30.8,31.687397,30.229761,33.49667,0.83339506,32.109077,1.96
983,Zr0.25Y0.5Gd0.25B20,29.3,29.091835,28.585823,31.184242,0.662862,25.898422,2.98
984,Zr0.25Y0.5Gd0.25B20,28.0,28.205725,27.619839,29.602432,0.50576365,20.269207,4.9
985,Zr0.2Nb2.8Ge,10.05,9.961529,8.088529,16.992674,2.2714655,83.21141,0.49
986,Zr0.2Nb2.8Sn0.5Ge0.5,7.84,9.37481,7.6323404,12.79265,1.3164055,48.224354,0.98
987,Zr0.2W0.8B4,47.62477279,46.172657,40.448635,47.125183,1.7032009,65.62099,0.49
988,Zr0.2W0.8B4,39.41394107,40.649876,36.205917,41.530514,1.3583153,49.75965,0.98
989,Zr0.2W0.8B4,36.33848765,36.584927,32.794624,36.852356,1.0351356,39.881744,1.96
990,Zr0.2W0.8B4,35.32303198,35.01756,31.027613,35.562965,1.1569777,42.383976,2.94
991,Zr0.2W0.8B4,33.95939562,32.55939,29.66073,33.26788,0.9201911,35.952427,4.9
992,Zr0.33W0.67,6.13,10.566455,8.820416,14.385977,1.4197857,52.01152,1.96
993,Zr0.5Gd0.5B12,42.0,41.974888,38.28027,43.112373,1.2326795,49.161526,0.49
994,Zr0.5Gd0.5B12,34.5,36.158394,33.51003,36.176334,0.68017995,26.206,0.98
995,Zr0.5Gd0.5B12,33.0,32.4376,30.370804,33.968025,0.9176585,35.853477,1.96
996,Zr0.5Gd0.5B12,31.8,30.763325,28.968733,31.752895,0.71024555,28.464115,2.94
997,Zr0.5Gd0.5B12,29.2,29.428715,27.78922,29.868008,0.53030276,21.14945,4.9
998,Zr0.5Hf0.25Gd0.25B20,43.7,43.27915,38.62903,44.25129,1.4342502,52.5414,0.49
999,Zr0.5Hf0.25Gd0.25B20,36.9,36.063488,33.750107,37.02341,0.8350265,33.464893,0.98
1000,Zr0.5Hf0.25Gd0.25B20,34.3,33.1767,30.510096,33.635,0.797169,31.947699,1.96
1001,Zr0.5Hf0.25Gd0.25B20,31.8,31.288086,28.726501,31.667658,0.750295,28.907394,2.98
1002,Zr0.5Hf0.25Gd0.25B20,29.4,30.416136,28.33957,30.486635,0.5477209,21.39979,4.9
1003,Zr0.5Hf0.25Y0.25B20,42.0,42.886078,39.398636,43.993073,1.1720501,46.743515,0.49
1004,Zr0.5Hf0.25Y0.25B20,36.4,35.257996,34.394123,37.396763,0.7659795,29.511688,0.98
1005,Zr0.5Hf0.25Y0.25B20,31.6,32.467426,31.032858,34.006664,0.7586241,29.228298,1.96
1006,Zr0.5Hf0.25Y0.25B20,29.6,30.876087,29.415026,31.716202,0.5870347,23.412024,2.98
1007,Zr0.5Hf0.25Y0.25B20,29.5,28.753572,28.604174,30.165998,0.39842469,15.566695,4.9
1008,Zr0.5Ta0.5N,25.0,20.299528,15.09942,26.055649,2.7949564,109.20065,0.0015
1009,Zr0.5W0.5B4,46.42365232,44.67366,38.103596,45.00117,1.7595855,70.51793,0.49
1010,Zr0.5W0.5B4,38.85111847,39.301376,34.20651,40.486187,1.6019588,62.589504,0.98
1011,Zr0.5W0.5B4,36.06581866,35.77314,31.072422,34.9301,0.98410136,37.915493,1.96
1012,Zr0.5W0.5B4,34.15092505,34.62663,29.315859,33.58214,1.0883375,43.404903,2.94
1013,Zr0.5W0.5B4,33.48363185,32.22038,28.121319,30.98091,0.72948736,28.105717,4.9
1014,Zr0.5Y0.25Gd0.25B20,46.9,42.30377,38.241947,41.943317,0.9442271,37.841263,0.49
1015,Zr0.5Y0.25Gd0.25B20,35.1,36.211826,33.97528,37.046852,0.7835641,31.249977,0.98
1016,Zr0.5Y0.25Gd0.25B20,32.2,33.317028,30.746662,35.048424,1.0973881,42.280212,1.96
1017,Zr0.5Y0.25Gd0.25B20,30.6,30.949364,28.763716,32.42598,0.93425095,35.994858,2.98
1018,Zr0.5Y0.25Gd0.25B20,28.7,29.756271,28.415207,31.783682,0.85930485,31.479221,4.9
1019,Zr0.75Gd0.25B12,41.0,42.86851,38.687973,43.482334,1.2230513,48.777534,0.49
1020,Zr0.75Gd0.25B12,34.4,35.675564,34.123894,36.946785,0.7201253,26.38061,0.98
1021,Zr0.75Gd0.25B12,32.9,32.9316,30.681574,33.667526,0.7617225,27.904453,1.96
1022,Zr0.75Gd0.25B12,31.3,31.209164,29.518406,31.75308,0.57007,22.846378,2.94
1023,Zr0.75Gd0.25B12,29.5,29.570852,28.281008,30.110718,0.46676275,17.099087,4.9
1024,Zr0.8Mo2Ge0.2,8.947,11.16949,7.697881,12.241169,1.159002,46.448673,0.98
1025,Zr0.95Gd0.05B12,39.3,41.963093,38.6413,42.973408,1.1051295,42.578472,0.49
1026,Zr0.95Gd0.05B12,35.0,35.755,33.94697,36.45674,0.6402473,24.66747,0.98
1027,Zr0.95Gd0.05B12,33.0,32.271923,30.40345,33.172012,0.70626587,28.167183,1.96
1028,Zr0.95Gd0.05B12,31.1,30.957413,29.37679,31.561758,0.55739003,22.33821,2.94
1029,Zr0.95Gd0.05B12,29.2,28.829885,28.38174,30.273746,0.48265457,18.857609,4.9
1030,Zr0.95Os0.05,2.97,2.3568866,2.8027458,6.963188,1.0613374,42.328087,49.0
1031,Zr0.9Mo2Al0.1,7.681,10.137489,6.1626377,11.628839,1.394439,55.884155,0.98
1032,Zr0.9Nb2.1Sn,7.35,8.509963,6.6009526,9.907094,0.8434034,32.952286,0.98
1033,Zr2Rh,4.31,4.979109,4.0356746,6.8756876,0.7244931,27.913298,0.98
1034,Zr3Ge,5.9,7.8453293,5.5922823,8.472162,0.73466325,29.44269,0.98
1035,Zr5Ge3,11.7,8.605196,5.7424498,9.214448,0.8857138,34.124817,0.98
1036,Zr5Ge4,10.33,7.4544363,6.074546,7.988633,0.48828757,19.568829,0.98
1037,ZrB12,40.4,41.373695,37.559963,41.80755,1.0835676,42.335648,0.49
1038,ZrB12,35.2,35.244087,33.819374,36.205326,0.60866123,23.450523,0.98
1039,ZrB12,33.2,32.483536,31.395168,33.36385,0.5022146,19.621832,1.96
1040,ZrB12,31.0,30.797148,29.831997,31.966198,0.544439,21.71323,2.94
1041,ZrB12,28.8,28.887514,28.690304,30.57595,0.48103234,19.184454,4.9
1042,ZrB2,22.08,27.6656,27.835768,30.534779,0.6885232,25.222916,0.29
1043,ZrB20,41.3,41.25533,37.794456,42.615932,1.2299683,47.388268,0.49
1044,ZrB20,34.9,35.47765,33.911587,38.642693,1.2069147,47.154892,0.98
1045,ZrB20,33.6,32.542004,31.045769,34.906796,0.9849558,37.948414,1.96
1046,ZrB20,31.3,30.386461,29.234966,32.48884,0.83006936,31.980944,2.98
1047,ZrB20,29.6,29.860794,29.085484,33.316273,1.0792829,39.537758,4.9
1048,ZrC,22.0,13.477608,10.978147,17.95824,1.7806362,71.015045,0.49
1049,ZrGe,7.4,7.480262,6.157635,9.108683,0.7528182,29.413067,0.98
1050,ZrGe2,5.7,5.076161,5.676682,6.7812266,0.2817716,11.008988,0.98
1051,ZrMn2,7.86,5.6343164,5.1532264,6.0262423,0.22270814,8.158546,0.98
1052,ZrMo2,10.74,7.113195,5.1682253,8.837685,0.93608654,36.06558,0.98
1053,ZrMoAl,6.523,6.2608194,5.0220113,6.7092986,0.43043044,16.583641,0.98
1054,ZrN,17.4,14.139814,11.5026865,14.480029,0.75952613,30.2913,0.49
1055,ZrO2,13.0,13.900131,10.68808,13.983259,0.840607,30.794256,0.98
1056,ZrRh3,6.37,7.4472694,4.931408,7.6841965,0.70224196,27.437021,0.98
1057,ZrV2,3.6,6.0818605,2.817309,7.2857623,1.1399115,45.46177,0.98
1058,ZrW2,11.1,9.7000475,7.3909454,16.22026,2.2523763,90.26723,0.98
1059,OsB2,34.8,33.67578,27.001398,39.32268,3.1431844,121.10073,0.25
1060,OsB2,27.0,36.00141,27.506296,39.750603,3.1235476,120.34416,0.49
1061,OsB2,17.8,24.997303,21.534822,32.149647,2.7078633,104.32866,1.96
